player,role_signal,player_impact_score,batting_score,bowling_score,impact_eligible,batting_runs,batting_balls,batting_strike_rate,batting_average,boundary_pct,bowling_wickets,bowling_balls,bowling_economy,wickets_per_over,dot_ball_pct
H Klaasen,Batter,93.77,93.77,0.0,1,2086,1243,167.82,43.46,21.16,0,0,,0.0,0.0
SL Malinga,Bowler,90.88,0.0,90.88,1,88,99,88.89,8.0,11.11,170,2827,7.14,0.361,40.47
TH David,Batter,90.56,90.56,0.0,1,1123,620,181.13,35.09,25.0,0,6,18.0,0.0,16.67
PD Salt,Batter,88.45,88.45,0.0,1,1258,715,175.94,34.0,28.67,0,0,,0.0,0.0
JC Buttler,Batter,88.21,88.21,0.0,1,4590,3051,150.44,40.62,21.73,0,0,,0.0,0.0
B Sai Sudharsan,Batter,87.54,87.54,0.0,1,2431,1621,149.97,50.65,20.17,0,0,,0.0,0.0
AB de Villiers,Batter,87.5,87.5,0.0,1,5181,3400,152.38,42.47,19.62,0,0,,0.0,0.0
CH Gayle,Batter,86.94,86.94,0.0,1,4997,3331,150.02,39.98,23.03,18,554,7.9,0.195,32.49
TM Head,Batter,86.87,86.87,0.0,1,1539,899,171.19,33.46,27.47,3,64,11.25,0.281,15.62
T Stubbs,Batter,85.16,85.16,0.0,1,986,647,152.4,46.95,17.93,4,36,11.5,0.667,33.33
YBK Jaiswal,Batter,84.96,84.96,0.0,1,2563,1661,154.3,34.64,25.11,0,1,36.0,0.0,0.0
MM Patel,Bowler,84.05,0.0,84.05,1,39,41,95.12,7.8,12.2,74,1355,7.52,0.328,43.54
NM Coulter-Nile,Bowler,84.05,0.0,84.05,1,82,72,113.89,8.2,15.28,48,857,7.7,0.336,42.94
C Green,Batter,83.89,83.89,0.0,1,1029,677,151.99,39.58,19.65,23,571,9.44,0.242,33.63
RJ Harris,Bowler,82.96,0.0,82.96,1,117,111,105.41,9.75,8.11,45,832,7.55,0.325,43.75
N Pooran,Batter,82.3,82.3,0.0,1,2527,1538,164.3,31.59,23.08,0,0,,0.0,0.0
Abhishek Sharma,Batter,82.18,82.18,0.0,1,2379,1381,172.27,30.11,26.65,11,365,9.04,0.181,26.58
RM Patidar,Batter,82.06,82.06,0.0,1,1504,932,161.37,32.7,21.46,0,0,,0.0,0.0
AD Russell,Batter,81.39,81.39,56.2,1,2655,1508,176.06,29.5,27.19,123,1806,9.51,0.409,33.89
SA Yadav,Batter,79.52,79.52,0.0,1,4581,3072,149.12,34.44,21.48,0,6,8.0,0.0,33.33
A Nehra,Bowler,79.31,0.0,79.31,1,41,60,68.33,6.83,6.67,106,1908,7.85,0.333,41.82
JJ Bumrah,Bowler,79.2,0.0,79.2,1,75,85,88.24,10.71,8.24,190,3653,7.34,0.312,39.91
P Simran Singh,Batter,79.13,79.13,0.0,1,1865,1184,157.52,30.08,24.49,0,0,,0.0,0.0
JM Bairstow,Batter,78.49,78.49,0.0,1,1674,1142,146.58,35.62,21.63,0,0,,0.0,0.0
Dhruv Jurel,Batter,78.37,78.37,0.0,1,1138,748,152.14,33.47,20.19,0,0,,0.0,0.0
A Raghuvanshi,Batter,77.42,77.42,0.0,1,885,606,146.04,36.88,19.97,0,0,,0.0,0.0
DP Conway,Batter,77.18,77.18,0.0,1,1080,770,140.26,45.0,19.61,0,0,,0.0,0.0
MR Marsh,Batter,76.59,76.59,0.0,1,1855,1245,149.0,33.12,21.37,37,560,8.52,0.396,32.32
RR Pant,Batter,76.47,76.47,0.0,1,3879,2634,147.27,34.95,20.2,0,0,,0.0,0.0
DA Warner,Batter,75.63,75.63,0.0,1,6567,4680,140.32,41.56,19.21,0,1,12.0,0.0,0.0
V Sehwag,Batter,75.63,75.63,0.0,1,2728,1740,156.78,28.72,25.29,6,136,10.37,0.265,32.35
Shubman Gill,Batter,75.6,75.6,0.0,1,4482,3155,142.06,41.5,18.32,0,0,,0.0,0.0
Rashid Khan,Bowler,74.93,0.0,74.93,1,620,388,159.79,14.09,22.16,177,3489,7.22,0.304,35.65
Imran Tahir,Bowler,74.34,0.0,74.34,1,33,37,89.19,8.25,13.51,82,1316,7.76,0.374,33.21
ML Hayden,Batter,73.77,73.77,0.0,1,1107,799,138.55,39.54,20.65,0,0,,0.0,0.0
Tilak Varma,Batter,73.61,73.61,0.0,1,1858,1278,145.38,37.16,18.31,0,22,7.64,0.0,36.36
CH Morris,Bowler,72.99,0.0,72.99,1,618,397,155.67,22.07,19.14,96,1726,8.03,0.334,38.7
RK Singh,Batter,72.94,72.94,0.0,1,1398,948,147.47,34.1,19.2,0,0,,0.0,0.0
CA Lynn,Batter,72.9,72.9,0.0,1,1329,941,141.23,34.97,21.04,0,0,,0.0,0.0
JC Archer,Bowler,72.88,0.0,72.88,1,315,210,150.0,14.32,18.1,80,1530,8.07,0.314,43.33
A Mishra,Bowler,72.81,0.0,72.81,1,381,417,91.37,13.61,8.63,174,3371,7.38,0.31,35.15
KL Rahul,Batter,72.78,72.78,0.0,1,5828,4175,139.59,46.62,17.92,0,0,,0.0,0.0
JR Hazlewood,Bowler,72.63,0.0,72.63,1,19,30,63.33,19.0,3.33,69,1128,8.59,0.367,42.02
L Ngidi,Bowler,72.19,0.0,72.19,1,4,8,50.0,2.0,0.0,42,620,8.41,0.406,38.39
S Aravind,Bowler,72.19,0.0,72.19,1,59,57,103.51,19.67,12.28,45,760,8.2,0.355,38.16
Mohsin Khan,Bowler,71.93,0.0,71.93,1,25,28,89.29,6.25,10.71,38,654,8.41,0.349,41.59
RP Singh,Bowler,71.79,0.0,71.79,1,52,76,68.42,3.71,3.95,90,1775,7.9,0.304,41.92
DW Steyn,Bowler,70.47,0.0,70.47,1,167,160,104.38,8.35,10.62,97,2182,6.94,0.267,46.7
CV Varun,Bowler,70.36,0.0,70.36,1,31,53,58.49,7.75,5.66,111,2134,7.72,0.312,36.22
A Kumble,Bowler,70.04,0.0,70.04,1,35,47,74.47,17.5,6.38,45,965,6.58,0.28,38.76
K Rabada,Bowler,69.16,0.0,69.16,1,250,230,108.7,14.71,13.04,146,2233,8.69,0.392,39.45
B Kumar,Bowler,69.01,0.0,69.01,1,354,376,94.15,10.11,10.11,222,4552,7.72,0.293,41.12
Ishan Kishan,Batter,68.37,68.37,0.0,1,3567,2488,143.37,31.29,20.42,0,1,24.0,0.0,0.0
M Morkel,Bowler,68.32,0.0,68.32,1,126,89,141.57,12.6,17.98,77,1629,7.69,0.284,43.46
LS Livingstone,Batter,67.82,67.82,0.0,1,1066,680,156.76,26.0,21.47,13,312,9.02,0.25,25.96
MJ McClenaghan,Bowler,67.15,0.0,67.15,1,85,69,123.19,7.73,17.39,71,1274,8.49,0.334,39.8
MP Stoinis,Batter,66.9,66.9,28.91,1,2242,1511,148.38,29.12,19.72,46,935,9.93,0.295,26.63
S Dube,Batter,66.79,66.79,0.0,1,2129,1460,145.82,31.78,18.42,6,154,10.79,0.234,19.48
WD Parnell,Bowler,66.61,0.0,66.61,1,65,80,81.25,6.5,6.25,35,723,7.78,0.29,40.94
MM Ali,Bowler,66.5,46.9,66.5,1,1167,831,140.43,22.88,19.49,41,854,7.23,0.288,34.54
SK Warne,Bowler,66.5,0.0,66.5,1,198,213,92.96,11.65,9.39,57,1194,7.27,0.286,35.68
YS Chahal,Bowler,66.13,0.0,66.13,1,37,86,43.02,6.17,0.0,233,4037,8.05,0.346,32.67
VR Iyer,Batter,65.71,65.71,0.0,1,1626,1157,140.54,31.88,19.45,3,81,10.59,0.222,18.52
YK Pathan,Batter,65.67,65.67,42.37,1,3222,2233,144.29,30.69,18.99,42,1147,7.4,0.22,34.26
MA Starc,Bowler,65.62,0.0,65.62,1,111,121,91.74,10.09,9.09,76,1196,8.83,0.381,39.3
GJ Maxwell,Batter,65.6,65.6,27.66,1,2820,1810,155.8,24.74,22.04,41,1022,8.3,0.241,32.09
SV Samson,Batter,65.28,65.28,0.0,1,5181,3653,141.83,32.58,18.48,0,0,,0.0,0.0
SP Narine,All-rounder,65.22,63.25,65.22,1,1820,1099,165.61,18.57,28.3,209,4660,6.79,0.269,38.33
P Awana,Bowler,64.85,0.0,64.85,1,5,14,35.71,2.5,0.0,39,747,8.27,0.313,39.22
MG Johnson,Bowler,64.78,0.0,64.78,1,167,163,102.45,12.85,10.43,62,1235,8.3,0.301,43.32
KA Pollard,Batter,64.6,64.6,28.21,1,3437,2315,148.47,28.64,19.22,69,1488,8.79,0.278,27.22
DP Nannes,Bowler,64.01,0.0,64.01,1,4,13,30.77,4.0,0.0,28,646,7.29,0.26,44.12
RD Gaikwad,Batter,63.61,63.61,0.0,1,2839,2083,136.29,39.43,17.62,0,0,,0.0,0.0
SR Watson,All-rounder,63.49,63.49,55.36,1,3880,2801,138.52,31.29,20.24,92,2029,7.93,0.272,39.58
DA Miller,Batter,63.25,63.25,0.0,1,3288,2349,139.97,36.53,16.48,0,0,,0.0,0.0
M Pathirana,Bowler,62.66,0.0,62.66,1,0,0,0.0,0.0,0.0,47,710,8.66,0.397,33.8
SO Hetmyer,Batter,62.54,62.54,0.0,1,1566,1044,150.0,27.96,18.68,0,0,,0.0,0.0
MS Dhoni,Batter,62.14,62.14,0.0,1,5439,3935,138.22,39.13,16.24,0,0,,0.0,0.0
F du Plessis,Batter,62.06,62.06,0.0,1,4773,3506,136.14,37.29,17.51,0,6,16.0,0.0,0.0
PP Ojha,Bowler,61.93,0.0,61.93,1,16,44,36.36,1.78,0.0,89,1899,7.37,0.281,35.12
SE Marsh,Batter,61.9,61.9,0.0,1,2489,1866,133.39,40.15,18.6,0,0,,0.0,0.0
L Balaji,Bowler,61.79,0.0,61.79,1,36,49,73.47,5.14,6.12,76,1512,8.05,0.302,35.52
TA Boult,Bowler,61.79,0.0,61.79,1,93,85,109.41,10.33,10.59,145,2784,8.51,0.312,40.77
Z Khan,Bowler,61.68,0.0,61.68,1,117,140,83.57,8.36,9.29,102,2200,7.59,0.278,39.68
HH Pandya,Batter,61.51,61.51,30.55,1,2964,2015,147.1,28.5,19.11,82,1764,9.36,0.279,33.11
Noor Ahmad,Bowler,61.5,0.0,61.5,1,31,58,53.45,2.82,5.17,61,1098,8.17,0.333,32.6
PP Shaw,Batter,61.43,61.43,0.0,1,1892,1279,147.93,24.89,23.38,0,0,,0.0,0.0
SS Iyer,Batter,60.52,60.52,0.0,1,4233,3085,137.21,35.87,17.37,0,6,7.0,0.0,66.67
V Kohli,Batter,60.52,60.52,0.0,1,9228,6844,134.83,40.47,16.74,4,251,8.8,0.096,20.72
PP Chawla,Bowler,60.36,0.0,60.36,1,624,561,111.23,11.77,13.55,192,3850,7.96,0.299,34.42
KP Pietersen,Batter,60.32,60.32,0.0,1,1001,742,134.91,37.07,17.65,7,174,7.41,0.241,31.03
SK Raina,Batter,60.2,60.2,32.45,1,5536,4025,137.54,34.17,17.64,25,908,7.39,0.165,30.84
Harbhajan Singh,Bowler,60.07,0.0,60.07,1,833,599,139.07,16.33,20.2,150,3416,7.08,0.263,36.97
JM Sharma,Batter,60.04,60.04,0.0,1,1081,704,153.55,22.52,21.45,0,0,,0.0,0.0
M Muralitharan,Bowler,59.82,0.0,59.82,1,20,29,68.97,3.33,3.45,64,1528,6.7,0.251,39.27
KK Ahmed,Bowler,59.74,0.0,59.74,1,2,9,22.22,0.4,0.0,91,1657,8.96,0.33,41.22
Harshit Rana,Bowler,59.23,0.0,59.23,1,59,55,107.27,9.83,14.55,40,649,9.51,0.37,38.06
PWH de Silva,Bowler,59.2,0.0,59.2,1,81,88,92.05,5.4,9.09,46,798,8.41,0.346,33.08
DJ Bravo,Bowler,58.58,24.6,58.58,1,1560,1196,130.43,22.94,15.55,183,3120,8.38,0.352,31.99
JO Holder,Bowler,58.39,0.0,58.39,1,317,253,125.3,13.21,14.23,66,1165,8.6,0.34,33.39
JA Morkel,All-rounder,57.96,47.86,57.96,1,975,683,142.75,25.66,16.98,85,1723,8.21,0.296,37.49
DS Kulkarni,Bowler,57.88,0.0,57.88,1,104,108,96.3,13.0,8.33,86,1787,8.31,0.289,41.52
R Sharma,Bowler,57.45,0.0,57.45,1,66,75,88.0,6.0,10.67,40,928,7.02,0.259,35.99
Iqbal Abdulla,Bowler,57.41,0.0,57.41,1,88,82,107.32,88.0,12.2,40,920,7.23,0.261,35.98
M Prasidh Krishna,Bowler,57.34,0.0,57.34,1,9,24,37.5,4.5,0.0,89,1685,8.92,0.317,40.0
S Sreesanth,Bowler,57.15,0.0,57.15,1,34,55,61.82,11.33,10.91,40,880,8.14,0.273,45.34
DR Smith,Batter,57.1,57.1,0.0,1,2385,1755,135.9,29.81,20.63,26,539,9.02,0.289,31.17
AC Gilchrist,Batter,56.98,56.98,0.0,1,2069,1483,139.51,27.59,22.32,1,1,0.0,6.0,100.0
Q de Kock,Batter,56.71,56.71,0.0,1,3444,2546,135.27,31.89,18.74,0,0,,0.0,0.0
S Gopal,Bowler,56.39,0.0,56.39,1,180,169,106.51,15.0,12.43,52,991,8.17,0.315,31.99
AJ Tye,Bowler,56.06,0.0,56.06,1,91,75,121.33,11.38,14.67,42,684,8.59,0.368,30.41
Mohammed Shami,Bowler,55.95,0.0,55.95,1,115,111,103.6,6.05,12.61,145,2920,8.66,0.298,39.93
LMP Simmons,Batter,55.67,55.67,0.0,1,1079,848,127.24,41.5,18.04,1,18,11.33,0.333,11.11
Sandeep Sharma,Bowler,55.47,0.0,55.47,1,60,74,81.08,12.0,5.41,151,3163,8.17,0.286,38.1
MM Sharma,Bowler,55.0,0.0,55.0,1,125,136,91.91,7.35,9.56,134,2403,8.77,0.335,33.83
A Nortje,Bowler,54.56,0.0,54.56,1,49,50,98.0,8.17,12.0,61,1120,9.09,0.327,37.68
R Parag,Batter,54.52,54.52,0.0,1,1842,1278,144.13,26.7,18.62,9,319,9.69,0.169,21.94
DL Chahar,Bowler,54.09,0.0,54.09,1,142,103,137.86,14.2,16.5,96,2068,8.3,0.279,42.12
Mustafizur Rahman,Bowler,54.05,0.0,54.05,1,13,24,54.17,6.5,4.17,65,1364,8.13,0.286,35.7
R Vinay Kumar,Bowler,53.32,0.0,53.32,1,310,274,113.14,12.4,10.95,105,2127,8.42,0.296,35.87
AB Dinda,Bowler,53.21,0.0,53.21,1,26,48,54.17,2.89,4.17,69,1516,8.2,0.273,41.36
A Symonds,Batter,52.66,52.66,0.0,1,974,745,130.74,40.58,15.44,20,527,7.67,0.228,36.05
HV Patel,Bowler,52.66,0.0,52.66,1,280,238,117.65,10.0,13.87,151,2506,8.92,0.362,32.2
N Rana,Batter,52.58,52.58,0.0,1,3078,2228,138.15,27.73,19.7,10,216,9.03,0.278,30.09
P Negi,Bowler,52.45,0.0,52.45,1,365,288,126.74,16.59,14.93,34,716,7.87,0.285,33.1
Mohammed Siraj,Bowler,52.12,0.0,52.12,1,112,124,90.32,11.2,11.29,126,2606,8.72,0.29,41.75
MJ Santner,Bowler,52.01,0.0,52.01,1,136,122,111.48,17.0,12.3,30,687,7.51,0.262,35.08
Arshdeep Singh,Bowler,51.79,0.0,51.79,1,32,47,68.09,5.33,8.51,111,2032,9.19,0.328,35.14
KV Sharma,Bowler,51.57,0.0,51.57,1,352,295,119.32,14.67,12.54,83,1585,8.38,0.314,31.99
RA Tripathi,Batter,50.28,50.28,0.0,1,2291,1655,138.43,26.95,18.97,0,6,12.0,0.0,0.0
J Botha,Bowler,49.85,0.0,49.85,1,409,358,114.25,20.45,12.29,25,694,6.92,0.216,36.6
UT Yadav,Bowler,49.34,0.0,49.34,1,208,201,103.48,10.4,12.44,144,3056,8.51,0.283,38.81
S Dhawan,Batter,48.85,48.85,0.0,1,6769,5304,127.62,36.2,17.36,4,48,8.25,0.5,35.42
R Ashwin,Bowler,48.43,4.33,48.43,1,833,703,118.49,13.66,13.23,187,4710,7.2,0.238,34.1
AK Markram,Batter,48.41,48.41,0.0,1,1671,1228,136.07,30.38,16.21,6,223,9.61,0.161,24.66
A Badoni,Batter,48.33,48.33,0.0,1,1178,834,141.25,26.18,17.15,4,41,9.22,0.585,19.51
VG Arora,Bowler,48.18,0.0,48.18,1,10,27,37.04,2.5,0.0,47,866,9.74,0.326,35.33
Shakib Al Hasan,Bowler,48.07,14.33,48.07,1,795,635,125.2,20.38,14.8,63,1484,7.44,0.255,33.96
B Lee,Bowler,48.03,0.0,48.03,1,124,96,129.17,13.78,16.67,25,875,7.51,0.171,42.74
DL Vettori,Bowler,47.92,0.0,47.92,1,121,112,108.04,17.29,11.61,28,777,6.79,0.216,34.75
RG Sharma,Batter,47.9,47.9,0.0,1,7331,5496,133.39,30.05,17.92,15,339,8.02,0.265,25.96
Avesh Khan,Bowler,47.85,0.0,47.85,1,68,43,158.14,22.67,25.58,93,1767,9.28,0.316,34.52
RD Chahar,Bowler,47.85,0.0,47.85,1,129,124,104.03,8.6,14.52,75,1694,7.78,0.266,34.24
IK Pathan,Bowler,46.9,10.79,46.9,1,1150,947,121.44,23.47,13.31,80,2043,7.78,0.235,40.87
P Kumar,Bowler,46.53,0.0,46.53,1,340,312,108.97,10.0,12.5,90,2524,7.73,0.214,42.59
PJ Cummins,Bowler,45.8,0.0,45.8,1,641,417,153.72,20.68,20.14,87,1785,8.79,0.292,35.97
LH Ferguson,Bowler,45.44,0.0,45.44,1,72,46,156.52,24.0,19.57,54,1092,9.19,0.297,36.26
SPD Smith,Batter,45.4,45.4,0.0,1,2495,1931,129.21,35.64,14.81,0,2,15.0,0.0,0.0
SN Thakur,Bowler,45.29,0.0,45.29,1,349,262,133.21,12.46,17.18,119,2202,9.57,0.324,33.38
BB McCullum,Batter,45.24,45.24,0.0,1,2882,2176,132.44,28.25,19.44,0,0,,0.0,0.0
SK Trivedi,Bowler,44.96,0.0,44.96,1,42,58,72.41,6.0,6.9,65,1506,7.59,0.259,32.67
Kuldeep Yadav,Bowler,44.67,0.0,44.67,1,210,253,83.0,15.0,8.3,112,2286,8.29,0.294,29.92
MEK Hussey,Batter,43.65,43.65,0.0,1,1977,1610,122.8,40.35,15.53,0,0,,0.0,0.0
R Bhatia,Bowler,43.28,0.0,43.28,1,342,284,120.42,11.79,13.03,71,1636,7.41,0.26,26.65
D Padikkal,Batter,43.25,43.25,0.0,1,2239,1677,133.51,27.3,18.84,0,0,,0.0,0.0
KD Karthik,Batter,43.17,43.17,0.0,1,4843,3570,135.66,27.67,17.56,0,0,,0.0,0.0
JP Duminy,All-rounder,43.13,43.13,41.17,1,2029,1631,124.4,42.27,12.57,23,678,7.38,0.204,34.51
KS Williamson,Batter,43.1,43.1,0.0,1,2132,1692,126.0,36.76,14.83,0,18,10.33,0.0,11.11
Shivam Mavi,Bowler,42.7,0.0,42.7,1,51,56,91.07,5.67,10.71,30,649,8.71,0.277,39.14
Ravi Bishnoi,Bowler,42.15,0.0,42.15,1,45,69,65.22,4.09,5.8,83,1789,8.36,0.278,33.48
SM Curran,Batter,41.67,41.67,27.04,1,997,725,137.52,24.93,17.38,59,1253,9.74,0.283,31.44
JP Faulkner,Bowler,41.39,0.0,41.39,1,527,385,136.88,20.27,15.32,61,1238,8.72,0.296,32.23
R Tewatia,All-rounder,40.36,40.36,30.58,1,1210,881,137.34,23.73,17.71,32,843,7.91,0.228,31.32
AR Patel,Bowler,40.15,28.17,40.15,1,2089,1556,134.25,22.22,15.81,139,3585,7.43,0.233,32.55
TU Deshpande,Bowler,40.0,0.0,40.0,1,54,36,150.0,13.5,16.67,55,1085,10.09,0.304,34.38
RA Jadeja,All-rounder,39.89,36.11,39.89,1,3469,2641,131.35,29.15,14.35,178,4224,7.69,0.253,31.65
Harpreet Brar,Bowler,39.85,0.0,39.85,1,249,206,120.87,20.75,14.56,37,859,8.0,0.258,33.18
RV Uthappa,Batter,39.68,39.68,0.0,1,4954,3784,130.92,28.31,17.52,0,0,,0.0,0.0
S Kaul,Bowler,39.53,0.0,39.53,1,20,36,55.56,6.67,2.78,58,1209,8.63,0.288,32.01
Yuvraj Singh,All-rounder,39.31,32.74,39.31,1,2754,2115,130.21,25.74,17.35,36,869,7.44,0.249,29.69
BJ Hodge,Batter,39.29,39.29,0.0,1,1400,1112,125.9,34.15,14.84,17,234,7.77,0.436,32.05
I Sharma,Bowler,38.87,0.0,38.87,1,57,69,82.61,9.5,8.7,96,2419,8.38,0.238,41.3
M Kartik,Bowler,38.87,0.0,38.87,1,113,107,105.61,18.83,7.48,31,1149,7.25,0.162,33.25
PJ Sangwan,Bowler,38.5,0.0,38.5,1,26,44,59.09,3.71,2.27,38,856,8.69,0.266,37.27
DT Christian,Bowler,38.36,0.0,38.36,1,460,394,116.75,17.04,10.66,38,883,8.1,0.258,33.52
G Gambhir,Batter,38.17,38.17,0.0,1,4217,3394,124.25,32.95,16.23,0,0,,0.0,0.0
SR Tendulkar,Batter,38.1,38.1,0.0,1,2334,1941,120.25,34.84,16.74,0,36,9.67,0.0,11.11
MC Henriques,Bowler,37.81,26.9,37.81,1,1000,785,127.39,27.78,14.65,42,950,8.14,0.265,32.21
Mukesh Kumar,Bowler,37.81,0.0,37.81,1,10,18,55.56,10.0,0.0,42,824,10.59,0.306,32.77
PV Tambe,Bowler,37.41,0.0,37.41,1,18,38,47.37,18.0,2.63,28,660,7.75,0.255,30.91
MA Agarwal,Batter,37.14,37.14,0.0,1,2764,2053,134.63,23.62,18.27,0,0,,0.0,0.0
AM Rahane,Batter,36.71,36.71,0.0,1,5367,4269,125.72,31.2,15.95,1,6,5.0,1.0,33.33
JH Kallis,Bowler,36.57,18.17,36.57,1,2427,2213,109.67,29.24,13.51,65,1742,7.9,0.224,34.5
SB Jakati,Bowler,36.24,0.0,36.24,1,28,29,96.55,28.0,10.34,47,1085,8.02,0.26,31.06
JD Unadkat,Bowler,35.99,0.0,35.99,1,201,169,118.93,15.46,13.61,114,2351,8.94,0.291,32.2
KH Pandya,All-rounder,35.77,33.21,35.77,1,1938,1448,133.84,23.93,16.71,104,2656,7.62,0.235,31.1
VR Aaron,Bowler,35.62,0.0,35.62,1,50,71,70.42,12.5,5.63,44,994,8.94,0.266,38.93
KK Nair,Batter,35.52,35.52,0.0,1,1712,1301,131.59,24.46,18.22,0,0,,0.0,0.0
AT Rayudu,Batter,35.24,35.24,0.0,1,4348,3391,128.22,29.38,15.69,0,0,,0.0,0.0
DPMD Jayawardene,Batter,35.12,35.12,0.0,1,1808,1462,123.67,30.64,16.42,0,0,,0.0,0.0
Yash Dayal,Bowler,34.93,0.0,34.93,1,4,9,44.44,1.33,0.0,41,871,9.58,0.282,35.25
M Ashwin,Bowler,34.38,0.0,34.38,1,35,50,70.0,4.38,6.0,35,870,8.01,0.241,32.53
M Markande,Bowler,34.31,0.0,34.31,1,48,42,114.29,16.0,14.29,37,750,9.16,0.296,28.67
MS Gony,Bowler,33.91,0.0,33.91,1,99,70,141.43,11.0,20.0,37,888,8.7,0.25,39.19
Washington Sundar,All-rounder,33.83,32.1,33.83,1,814,600,135.67,20.87,16.83,40,1162,7.73,0.207,33.13
BA Stokes,All-rounder,33.53,33.53,25.51,1,935,695,134.53,24.61,16.26,28,689,8.64,0.244,33.09
AJ Finch,Batter,33.29,33.29,0.0,1,2092,1626,128.66,25.51,17.96,1,43,9.35,0.14,30.23
S Nadeem,Bowler,32.77,0.0,32.77,1,39,87,44.83,2.79,2.3,48,1415,7.56,0.204,32.01
CL White,Batter,31.39,31.39,0.0,1,971,757,128.27,28.56,15.06,1,42,12.29,0.143,19.05
M Vohra,Batter,30.99,30.99,0.0,1,1083,828,130.8,23.04,17.75,0,0,,0.0,0.0
NLTC Perera,Bowler,29.67,0.0,29.67,1,424,306,138.56,19.27,16.01,31,698,8.73,0.266,32.52
S Badrinath,Batter,29.21,29.21,0.0,1,1441,1208,119.29,31.33,15.07,0,0,,0.0,0.0
TG Southee,Bowler,29.01,0.0,29.01,1,120,106,113.21,10.91,11.32,47,1206,8.67,0.234,37.06
V Shankar,Batter,28.29,28.29,0.0,1,1233,947,130.2,26.8,14.36,9,238,8.67,0.227,33.61
Kartik Tyagi,Bowler,28.14,0.0,28.14,1,24,26,92.31,3.43,11.54,33,728,9.98,0.272,35.03
Navdeep Saini,Bowler,27.92,0.0,27.92,1,33,37,89.19,8.25,8.11,24,670,8.8,0.215,41.34
M Jansen,Bowler,27.81,0.0,27.81,1,192,174,110.34,12.8,10.34,45,1017,9.63,0.265,35.5
T Natarajan,Bowler,27.48,0.0,27.48,1,4,7,57.14,0.0,0.0,73,1553,9.19,0.282,29.94
WP Saha,Batter,27.38,27.38,0.0,1,2934,2296,127.79,24.86,16.68,0,0,,0.0,0.0
R Dhawan,Bowler,27.12,0.0,27.12,1,210,187,112.3,21.0,13.37,25,662,8.08,0.227,30.97
MK Pandey,Batter,26.47,26.47,0.0,1,4021,3288,122.29,29.79,14.17,0,0,,0.0,0.0
M Theekshana,Bowler,26.24,0.0,26.24,1,17,34,50.0,5.67,2.94,36,876,8.27,0.247,29.68
DJ Hussey,Batter,25.08,25.08,0.0,1,1322,1070,123.55,28.74,14.02,8,317,8.97,0.151,27.13
SS Tiwary,Batter,24.76,24.76,0.0,1,1494,1235,120.97,30.49,13.04,0,0,,0.0,0.0
M Vijay,Batter,24.44,24.44,0.0,1,2619,2147,121.98,28.16,15.74,0,36,8.17,0.0,22.22
TM Dilshan,Batter,24.37,24.37,0.0,1,1153,1001,115.18,28.82,16.38,5,271,8.1,0.111,29.15
R Dravid,Batter,23.89,23.89,0.0,1,2174,1878,115.76,28.99,15.81,0,0,,0.0,0.0
MK Tiwary,Batter,21.31,21.31,0.0,1,1695,1444,117.38,29.74,13.57,1,42,11.86,0.143,21.43
CJ Jordan,Bowler,21.13,0.0,21.13,1,81,77,105.19,9.0,7.79,30,674,9.62,0.267,30.56
KC Sangakkara,Batter,21.11,21.11,0.0,1,1687,1385,121.81,25.95,16.03,0,0,,0.0,0.0
LRPL Taylor,Batter,20.67,20.67,0.0,1,1017,818,124.33,26.76,13.69,0,12,12.0,0.0,0.0
AD Mathews,Bowler,20.66,0.0,20.66,1,724,573,126.35,25.86,12.74,27,791,8.18,0.205,28.32
GC Smith,Batter,19.64,19.64,0.0,1,739,664,111.3,28.42,15.51,0,0,,0.0,0.0
PA Patel,Batter,19.6,19.6,0.0,1,2848,2350,121.19,23.54,17.62,0,0,,0.0,0.0
STR Binny,Batter,19.05,19.05,0.0,1,880,682,129.03,20.47,14.81,22,594,7.66,0.222,33.5
KM Jadhav,Batter,17.98,17.98,0.0,1,1208,969,124.66,23.69,14.65,0,0,,0.0,0.0
HH Gibbs,Batter,17.26,17.26,0.0,1,886,805,110.06,28.58,14.16,0,0,,0.0,0.0
EJG Morgan,Batter,17.1,17.1,0.0,1,1406,1147,122.58,23.83,15.34,0,0,,0.0,0.0
AB Agarkar,Bowler,16.42,0.0,16.42,1,179,151,118.54,22.38,11.92,29,782,8.83,0.223,32.48
DJ Hooda,Batter,16.19,16.19,0.0,1,1497,1167,128.28,18.95,13.71,10,379,8.64,0.158,26.91
Mandeep Singh,Batter,14.25,14.25,0.0,1,1706,1385,123.18,21.32,15.45,0,12,13.0,0.0,8.33
MS Bisla,Batter,11.43,11.43,0.0,1,798,700,114.0,22.17,16.57,0,0,,0.0,0.0
SC Ganguly,Batter,11.31,11.31,0.0,1,1349,1257,107.32,25.94,14.24,10,276,7.89,0.217,27.17
Shahbaz Ahmed,Bowler,10.62,0.0,10.62,1,603,487,123.82,21.54,12.53,27,655,9.79,0.247,25.65
Suyash Sharma,Bowler,10.29,0.0,10.29,1,0,0,0.0,0.0,0.0,27,803,8.89,0.202,31.01
NV Ojha,Batter,10.12,10.12,0.0,1,1554,1308,118.81,21.58,15.29,0,0,,0.0,0.0
Y Venugopal Rao,Batter,8.65,8.65,0.0,1,985,832,118.39,23.45,13.7,6,216,9.36,0.167,27.31
A Ashish Reddy,Batter,0.0,0.0,0.0,0,280,193,145.08,18.67,16.06,18,262,9.07,0.412,30.15
A Chandila,Batter,0.0,0.0,0.0,0,4,7,57.14,0.0,0.0,11,234,6.21,0.282,44.02
A Chopra,Batter,0.0,0.0,0.0,0,53,71,74.65,10.6,9.86,0,0,,0.0,0.0
A Choudhary,Batter,0.0,0.0,0.0,0,25,20,125.0,25.0,10.0,5,101,8.55,0.297,41.58
A Dananjaya,Batter,0.0,0.0,0.0,0,4,5,80.0,0.0,0.0,0,24,11.75,0.0,25.0
A Flintoff,Batter,0.0,0.0,0.0,0,62,53,116.98,31.0,13.21,2,66,9.55,0.182,30.3
A Kamboj,Batter,0.0,0.0,0.0,0,74,50,148.0,24.67,18.0,31,491,9.97,0.379,37.88
A Manohar,Batter,0.0,0.0,0.0,0,292,235,124.26,15.37,15.74,0,0,,0.0,0.0
A Mhatre,Batter,0.0,0.0,0.0,0,441,239,184.52,36.75,30.96,0,0,,0.0,0.0
A Mithun,Batter,0.0,0.0,0.0,0,34,26,130.77,6.8,19.23,7,288,9.83,0.146,31.25
A Mukund,Batter,0.0,0.0,0.0,0,19,22,86.36,9.5,4.55,0,0,,0.0,0.0
A Nel,Batter,0.0,0.0,0.0,0,0,0,0.0,0.0,0.0,1,18,10.33,0.333,38.89
A Singh,Batter,0.0,0.0,0.0,0,2,9,22.22,0.5,0.0,28,473,7.86,0.355,39.96
A Tomar,Batter,0.0,0.0,0.0,0,4,8,50.0,4.0,12.5,0,0,,0.0,0.0
A Uniyal,Batter,0.0,0.0,0.0,0,4,7,57.14,4.0,0.0,2,36,11.0,0.333,22.22
A Zampa,Batter,0.0,0.0,0.0,0,15,24,62.5,3.0,4.17,31,467,8.38,0.398,29.76
AA Bilakhia,Batter,0.0,0.0,0.0,0,69,84,82.14,13.8,5.95,0,0,,0.0,0.0
AA Chavan,Batter,0.0,0.0,0.0,0,12,11,109.09,12.0,18.18,8,248,7.89,0.194,40.32
AA Jhunjhunwala,Batter,0.0,0.0,0.0,0,217,209,103.83,18.08,11.48,1,85,9.11,0.071,31.76
AA Kazi,Batter,0.0,0.0,0.0,0,0,0,0.0,0.0,0.0,0,12,10.5,0.0,16.67
AA Kulkarni,Batter,0.0,0.0,0.0,0,26,33,78.79,6.5,9.09,0,0,,0.0,0.0
AA Noffke,Batter,0.0,0.0,0.0,0,9,10,90.0,9.0,10.0,1,24,10.0,0.25,25.0
AB Barath,Batter,0.0,0.0,0.0,0,42,42,100.0,21.0,14.29,0,0,,0.0,0.0
AB McDonald,Batter,0.0,0.0,0.0,0,123,100,123.0,24.6,13.0,11,186,8.42,0.355,26.88
AC Blizzard,Batter,0.0,0.0,0.0,0,120,90,133.33,17.14,25.56,0,0,,0.0,0.0
AC Thomas,Batter,0.0,0.0,0.0,0,20,19,105.26,10.0,10.53,14,315,7.73,0.267,40.0
AC Voges,Batter,0.0,0.0,0.0,0,181,143,126.57,45.25,12.59,0,54,8.44,0.0,27.78
AD Hales,Batter,0.0,0.0,0.0,0,148,117,126.5,24.67,16.24,0,0,,0.0,0.0
AD Mascarenhas,Batter,0.0,0.0,0.0,0,79,78,101.28,8.78,7.69,19,308,6.94,0.37,40.26
AD Nath,Batter,0.0,0.0,0.0,0,90,98,91.84,9.0,9.18,0,0,,0.0,0.0
AF Milne,Batter,0.0,0.0,0.0,0,25,31,80.65,6.25,3.23,7,227,9.73,0.185,31.28
AG Murtaza,Batter,0.0,0.0,0.0,0,10,14,71.43,10.0,7.14,9,264,7.11,0.205,38.26
AG Paunikar,Batter,0.0,0.0,0.0,0,49,55,89.09,9.8,16.36,0,0,,0.0,0.0
AJ Hosein,Batter,0.0,0.0,0.0,0,21,13,161.54,0.0,15.38,9,172,8.3,0.314,36.63
AJ Turner,Batter,0.0,0.0,0.0,0,24,28,85.71,4.8,7.14,0,0,,0.0,0.0
AL Menaria,Batter,0.0,0.0,0.0,0,401,354,113.28,19.1,11.86,3,110,7.85,0.164,36.36
AM Ghazanfar,Batter,0.0,0.0,0.0,0,2,3,66.67,0.0,0.0,15,233,10.02,0.386,29.61
AM Nayar,Batter,0.0,0.0,0.0,0,672,573,117.28,18.67,13.09,9,229,8.44,0.236,30.13
AM Salvi,Batter,0.0,0.0,0.0,0,0,0,0.0,0.0,0.0,7,150,8.0,0.28,38.0
AN Ahmed,Batter,0.0,0.0,0.0,0,36,26,138.46,36.0,19.23,12,344,8.69,0.209,34.88
AN Ghosh,Batter,0.0,0.0,0.0,0,7,8,87.5,3.5,12.5,0,0,,0.0,0.0
AP Dole,Batter,0.0,0.0,0.0,0,34,22,154.55,17.0,18.18,5,66,10.18,0.455,30.3
AP Majumdar,Batter,0.0,0.0,0.0,0,87,76,114.47,21.75,11.84,0,0,,0.0,0.0
AP Tare,Batter,0.0,0.0,0.0,0,339,272,124.63,14.12,18.75,0,0,,0.0,0.0
AR Bawne,Batter,0.0,0.0,0.0,0,12,12,100.0,0.0,8.33,0,0,,0.0,0.0
AS Joseph,Batter,0.0,0.0,0.0,0,27,32,84.38,27.0,9.38,21,434,9.55,0.29,37.33
AS Rajpoot,Batter,0.0,0.0,0.0,0,26,41,63.41,6.5,7.32,24,529,9.23,0.272,36.29
AS Raut,Batter,0.0,0.0,0.0,0,194,167,116.17,21.56,11.98,0,30,8.8,0.0,20.0
AS Roy,Batter,0.0,0.0,0.0,0,78,64,121.88,9.75,12.5,15,323,8.9,0.279,32.82
AS Yadav,Batter,0.0,0.0,0.0,0,49,39,125.64,9.8,17.95,0,0,,0.0,0.0
AT Carey,Batter,0.0,0.0,0.0,0,32,29,110.34,16.0,3.45,0,0,,0.0,0.0
AU Rashid,Batter,0.0,0.0,0.0,0,22,15,146.67,11.0,20.0,2,60,9.1,0.2,33.33
AUK Pathan,Batter,0.0,0.0,0.0,0,39,23,169.57,7.8,30.43,0,39,9.69,0.0,23.08
Abdul Basith,Batter,0.0,0.0,0.0,0,1,1,100.0,0.0,0.0,0,0,,0.0,0.0
Abdul Samad,Batter,0.0,0.0,0.0,0,859,575,149.39,19.52,19.13,2,57,13.16,0.211,21.05
Abdur Razzak,Batter,0.0,0.0,0.0,0,0,2,0.0,0.0,0.0,0,12,14.5,0.0,41.67
Abhinandan Singh,Batter,0.0,0.0,0.0,0,0,0,0.0,0.0,0.0,3,58,12.62,0.31,25.86
Abishek Porel,Batter,0.0,0.0,0.0,0,769,528,145.64,25.63,20.45,0,0,,0.0,0.0
Akash Deep,Batter,0.0,0.0,0.0,0,25,14,178.57,8.33,28.57,10,278,11.83,0.216,32.01
Akash Madhwal,Batter,0.0,0.0,0.0,0,8,14,57.14,0.0,0.0,23,352,10.06,0.392,29.83
Akash Singh,Batter,0.0,0.0,0.0,0,0,0,0.0,0.0,0.0,13,247,9.86,0.316,36.84
Akshat Raghuwanshi,Batter,0.0,0.0,0.0,0,29,25,116.0,14.5,8.0,0,0,,0.0,0.0
Aman Hakim Khan,Batter,0.0,0.0,0.0,0,115,104,110.58,12.78,13.46,0,6,13.0,0.0,16.67
Anand Rajan,Batter,0.0,0.0,0.0,0,0,0,0.0,0.0,0.0,8,149,8.09,0.322,38.26
Aniket Verma,Batter,0.0,0.0,0.0,0,315,196,160.71,22.5,21.94,0,0,,0.0,0.0
Anirudh Singh,Batter,0.0,0.0,0.0,0,63,66,95.45,15.75,10.61,0,0,,0.0,0.0
Ankit Sharma,Batter,0.0,0.0,0.0,0,87,67,129.85,12.43,16.42,12,367,7.36,0.196,37.33
Ankit Soni,Batter,0.0,0.0,0.0,0,7,9,77.78,3.5,11.11,2,109,7.93,0.11,33.94
Anmolpreet Singh,Batter,0.0,0.0,0.0,0,139,115,120.87,15.44,19.13,0,0,,0.0,0.0
Anuj Rawat,Batter,0.0,0.0,0.0,0,318,267,119.1,22.71,14.98,0,0,,0.0,0.0
Anureet Singh,Batter,0.0,0.0,0.0,0,36,47,76.6,9.0,6.38,18,412,9.07,0.262,33.74
Arjun Tendulkar,Batter,0.0,0.0,0.0,0,18,14,128.57,18.0,7.14,4,97,9.28,0.247,37.11
Arshad Khan,Batter,0.0,0.0,0.0,0,127,89,142.7,25.4,16.85,17,340,11.24,0.3,36.47
Arshad Khan (2),Batter,0.0,0.0,0.0,0,5,4,125.0,5.0,25.0,0,12,12.0,0.0,33.33
Ashok Sharma,Batter,0.0,0.0,0.0,0,1,4,25.0,0.0,0.0,6,126,10.86,0.286,38.1
Ashutosh Sharma,Batter,0.0,0.0,0.0,0,564,328,171.95,29.68,24.09,0,0,,0.0,0.0
Ashwani Kumar,Batter,0.0,0.0,0.0,0,1,6,16.67,0.0,0.0,17,183,10.95,0.557,31.15
Atharva Taide,Batter,0.0,0.0,0.0,0,260,177,146.89,28.89,21.47,0,1,24.0,0.0,0.0
Auqib Nabi,Batter,0.0,0.0,0.0,0,14,3,466.67,14.0,100.0,0,78,11.46,0.0,30.77
Azhar Mahmood,Batter,0.0,0.0,0.0,0,388,303,128.05,20.42,17.16,29,537,7.82,0.324,37.06
Azmatullah Omarzai,Batter,0.0,0.0,0.0,0,151,101,149.5,15.1,20.79,15,354,9.63,0.254,33.33
B Akhil,Batter,0.0,0.0,0.0,0,76,55,138.18,15.2,18.18,6,188,7.72,0.191,31.91
B Chipli,Batter,0.0,0.0,0.0,0,280,250,112.0,18.67,14.0,0,6,20.0,0.0,16.67
B Geeves,Batter,0.0,0.0,0.0,0,0,0,0.0,0.0,0.0,1,48,11.38,0.125,31.25
B Indrajith,Batter,0.0,0.0,0.0,0,21,30,70.0,7.0,6.67,0,0,,0.0,0.0
B Laughlin,Batter,0.0,0.0,0.0,0,5,13,38.46,2.5,0.0,10,168,10.07,0.357,25.0
B Muzarabani,Batter,0.0,0.0,0.0,0,0,0,0.0,0.0,0.0,4,42,10.71,0.571,28.57
B Stanlake,Batter,0.0,0.0,0.0,0,5,2,250.0,0.0,50.0,7,144,8.33,0.292,44.44
B Sumanth,Batter,0.0,0.0,0.0,0,35,37,94.59,35.0,8.11,0,0,,0.0,0.0
BA Bhatt,Batter,0.0,0.0,0.0,0,6,7,85.71,0.0,14.29,12,296,8.05,0.243,31.42
BAW Mendis,Batter,0.0,0.0,0.0,0,3,6,50.0,1.5,0.0,8,244,7.45,0.197,31.15
BB Samantray,Batter,0.0,0.0,0.0,0,125,113,110.62,25.0,13.27,0,0,,0.0,0.0
BB Sran,Batter,0.0,0.0,0.0,0,10,13,76.92,10.0,0.0,18,483,9.4,0.224,34.78
BCJ Cutting,Batter,0.0,0.0,0.0,0,238,141,168.79,23.8,24.11,10,281,9.16,0.214,27.4
BE Hendricks,Batter,0.0,0.0,0.0,0,1,3,33.33,1.0,0.0,9,150,9.4,0.36,34.67
BJ Dwarshuis,Batter,0.0,0.0,0.0,0,0,0,0.0,0.0,0.0,1,24,12.75,0.25,25.0
BJ Haddin,Batter,0.0,0.0,0.0,0,18,11,163.64,18.0,27.27,0,0,,0.0,0.0
BJ Rohrer,Batter,0.0,0.0,0.0,0,193,141,136.88,27.57,18.44,0,6,12.0,0.0,16.67
BKG Mendis,Batter,0.0,0.0,0.0,0,20,10,200.0,20.0,30.0,0,0,,0.0,0.0
BMAJ Mendis,Batter,0.0,0.0,0.0,0,23,27,85.19,7.67,0.0,1,30,7.2,0.2,36.67
BR Dunk,Batter,0.0,0.0,0.0,0,40,35,114.29,13.33,20.0,0,0,,0.0,0.0
BR Sharath,Batter,0.0,0.0,0.0,0,2,5,40.0,2.0,0.0,0,0,,0.0,0.0
BW Hilfenhaus,Batter,0.0,0.0,0.0,0,0,0,0.0,0.0,0.0,22,372,7.73,0.355,46.51
Basil Thampi,Batter,0.0,0.0,0.0,0,32,35,91.43,32.0,5.71,22,521,9.74,0.253,29.17
Bipul Sharma,Batter,0.0,0.0,0.0,0,187,123,152.03,31.17,16.26,17,426,8.06,0.239,30.75
Brijesh Sharma,Batter,0.0,0.0,0.0,0,2,4,50.0,0.0,0.0,13,233,9.66,0.335,31.33
C Bosch,Batter,0.0,0.0,0.0,0,97,63,153.97,32.33,20.63,13,163,9.2,0.479,41.1
C Connolly,Batter,0.0,0.0,0.0,0,491,299,164.21,44.64,25.08,0,0,,0.0,0.0
C Ganapathy,Batter,0.0,0.0,0.0,0,0,0,0.0,0.0,0.0,0,6,13.0,0.0,16.67
C Madan,Batter,0.0,0.0,0.0,0,15,18,83.33,15.0,16.67,0,0,,0.0,0.0
C Munro,Batter,0.0,0.0,0.0,0,177,141,125.53,19.67,19.15,0,12,7.5,0.0,41.67
C Nanda,Batter,0.0,0.0,0.0,0,0,1,0.0,0.0,0.0,2,48,7.12,0.25,27.08
C Sakariya,Batter,0.0,0.0,0.0,0,20,30,66.67,4.0,10.0,20,444,8.62,0.27,32.88
C de Grandhomme,Batter,0.0,0.0,0.0,0,303,224,135.27,21.64,16.07,6,216,8.86,0.167,26.85
CA Ingram,Batter,0.0,0.0,0.0,0,205,179,114.53,17.08,15.08,0,0,,0.0,0.0
CA Pujara,Batter,0.0,0.0,0.0,0,390,390,100.0,21.67,13.85,0,0,,0.0,0.0
CJ Anderson,Batter,0.0,0.0,0.0,0,538,421,127.79,24.45,16.86,11,297,10.46,0.222,26.6
CJ Dala,Batter,0.0,0.0,0.0,0,0,0,0.0,0.0,0.0,0,18,11.33,0.0,38.89
CJ Ferguson,Batter,0.0,0.0,0.0,0,98,117,83.76,16.33,7.69,0,0,,0.0,0.0
CJ Green,Batter,0.0,0.0,0.0,0,0,0,0.0,0.0,0.0,0,17,8.47,0.0,35.29
CJ McKay,Batter,0.0,0.0,0.0,0,8,15,53.33,8.0,0.0,1,42,8.57,0.143,33.33
CK Kapugedera,Batter,0.0,0.0,0.0,0,16,22,72.73,5.33,0.0,0,17,17.29,0.0,0.0
CK Langeveldt,Batter,0.0,0.0,0.0,0,8,9,88.89,4.0,11.11,13,156,7.19,0.5,44.23
CM Gautam,Batter,0.0,0.0,0.0,0,169,149,113.42,18.78,15.44,0,0,,0.0,0.0
CR Brathwaite,Batter,0.0,0.0,0.0,0,181,110,164.55,13.92,23.64,13,254,8.95,0.307,29.13
CR Woakes,Batter,0.0,0.0,0.0,0,78,77,101.3,15.6,11.69,30,440,8.97,0.409,36.59
CRD Fernando,Batter,0.0,0.0,0.0,0,4,3,133.33,0.0,0.0,17,234,7.64,0.436,42.31
D Brevis,Batter,0.0,0.0,0.0,0,606,415,146.02,25.25,19.52,1,3,16.0,2.0,33.33
D Ferreira,Batter,0.0,0.0,0.0,0,276,171,161.4,25.09,24.56,1,18,13.67,0.333,11.11
D Jansen,Batter,0.0,0.0,0.0,0,0,0,0.0,0.0,0.0,1,24,13.25,0.25,25.0
D Kalyankrishna,Batter,0.0,0.0,0.0,0,3,8,37.5,3.0,0.0,2,48,10.88,0.25,20.83
D Madushanka,Batter,0.0,0.0,0.0,0,0,0,0.0,0.0,0.0,1,24,9.0,0.25,33.33
D Pretorius,Batter,0.0,0.0,0.0,0,44,28,157.14,11.0,21.43,6,150,9.52,0.24,28.0
D Salunkhe,Batter,0.0,0.0,0.0,0,33,24,137.5,33.0,20.83,1,47,9.96,0.128,27.66
D Wiese,Batter,0.0,0.0,0.0,0,148,100,148.0,29.6,19.0,16,296,8.92,0.324,27.7
D du Preez,Batter,0.0,0.0,0.0,0,10,13,76.92,10.0,0.0,4,42,8.0,0.571,42.86
DA Payne,Batter,0.0,0.0,0.0,0,6,5,120.0,0.0,0.0,2,30,14.0,0.4,16.67
DAJ Bracewell,Batter,0.0,0.0,0.0,0,12,9,133.33,0.0,11.11,3,24,8.0,0.75,41.67
DB Das,Batter,0.0,0.0,0.0,0,304,260,116.92,25.33,15.0,0,0,,0.0,0.0
DB Ravi Teja,Batter,0.0,0.0,0.0,0,375,315,119.05,19.74,13.97,1,18,9.33,0.333,22.22
DE Bollinger,Batter,0.0,0.0,0.0,0,21,22,95.45,21.0,9.09,37,576,7.22,0.385,44.1
DG Nalkande,Batter,0.0,0.0,0.0,0,12,12,100.0,6.0,8.33,6,84,10.57,0.429,26.19
DH Yagnik,Batter,0.0,0.0,0.0,0,170,133,127.82,18.89,18.8,0,0,,0.0,0.0
DJ Harris,Batter,0.0,0.0,0.0,0,111,101,109.9,37.0,15.84,0,18,8.67,0.0,22.22
DJ Jacobs,Batter,0.0,0.0,0.0,0,92,98,93.88,13.14,14.29,0,0,,0.0,0.0
DJ Malan,Batter,0.0,0.0,0.0,0,26,26,100.0,26.0,7.69,0,0,,0.0,0.0
DJ Mitchell,Batter,0.0,0.0,0.0,0,351,267,131.46,27.0,14.23,1,48,12.12,0.125,10.42
DJ Muthuswami,Batter,0.0,0.0,0.0,0,1,3,33.33,1.0,0.0,4,84,7.21,0.286,52.38
DJ Thornely,Batter,0.0,0.0,0.0,0,39,53,73.58,13.0,7.55,3,42,5.71,0.429,45.24
DJ Willey,Batter,0.0,0.0,0.0,0,53,62,85.48,26.5,11.29,6,216,7.56,0.167,36.57
DJG Sammy,Batter,0.0,0.0,0.0,0,295,241,122.41,19.67,13.69,11,236,8.9,0.28,30.51
DJM Short,Batter,0.0,0.0,0.0,0,115,99,116.16,16.43,16.16,1,18,6.33,0.333,38.89
DM Bravo,Batter,0.0,0.0,0.0,0,6,5,120.0,0.0,20.0,0,0,,0.0,0.0
DNT Zoysa,Batter,0.0,0.0,0.0,0,11,9,122.22,11.0,11.11,2,66,9.0,0.182,36.36
DP Vijaykumar,Batter,0.0,0.0,0.0,0,1,1,100.0,0.0,0.0,4,152,7.86,0.158,41.45
DR Martyn,Batter,0.0,0.0,0.0,0,19,24,79.17,19.0,4.17,0,0,,0.0,0.0
DR Sams,Batter,0.0,0.0,0.0,0,44,44,100.0,4.89,9.09,14,360,8.72,0.233,39.44
DR Shorey,Batter,0.0,0.0,0.0,0,13,17,76.47,6.5,5.88,0,0,,0.0,0.0
DS Lehmann,Batter,0.0,0.0,0.0,0,18,18,100.0,9.0,16.67,0,0,,0.0,0.0
DS Rathi,Batter,0.0,0.0,0.0,0,3,8,37.5,3.0,0.0,19,546,9.08,0.209,27.29
DT Patil,Batter,0.0,0.0,0.0,0,13,13,100.0,13.0,7.69,0,0,,0.0,0.0
DV Malewar,Batter,0.0,0.0,0.0,0,2,5,40.0,1.0,0.0,0,0,,0.0,0.0
E Lewis,Batter,0.0,0.0,0.0,0,654,477,137.11,27.25,20.55,0,0,,0.0,0.0
E Malinga,Batter,0.0,0.0,0.0,0,2,9,22.22,0.0,0.0,32,462,9.16,0.416,34.2
ER Dwivedi,Batter,0.0,0.0,0.0,0,24,14,171.43,12.0,28.57,0,0,,0.0,0.0
F Behardien,Batter,0.0,0.0,0.0,0,14,13,107.69,7.0,15.38,0,0,,0.0,0.0
FA Allen,Batter,0.0,0.0,0.0,0,14,18,77.78,7.0,5.56,2,90,9.07,0.133,28.89
FH Allen,Batter,0.0,0.0,0.0,0,349,163,214.11,34.9,37.42,0,0,,0.0,0.0
FH Edwards,Batter,0.0,0.0,0.0,0,4,5,80.0,4.0,0.0,5,140,6.6,0.214,50.0
FY Fazal,Batter,0.0,0.0,0.0,0,183,172,106.4,20.33,13.37,0,12,10.0,0.0,8.33
Fazalhaq Farooqi,Batter,0.0,0.0,0.0,0,5,15,33.33,0.0,0.0,6,254,10.32,0.142,31.5
G Coetzee,Batter,0.0,0.0,0.0,0,31,32,96.88,5.17,12.5,15,273,10.37,0.33,32.97
GB Hogg,Batter,0.0,0.0,0.0,0,22,22,100.0,11.0,4.55,23,458,7.47,0.301,34.72
GC Viljoen,Batter,0.0,0.0,0.0,0,3,7,42.86,1.5,0.0,7,138,9.65,0.304,31.16
GD McGrath,Batter,0.0,0.0,0.0,0,4,5,80.0,4.0,20.0,12,324,6.61,0.222,47.22
GD Phillips,Batter,0.0,0.0,0.0,0,132,108,122.22,12.0,13.89,2,30,8.0,0.4,33.33
GF Linde,Batter,0.0,0.0,0.0,0,31,21,147.62,10.33,28.57,1,37,8.92,0.162,27.03
GH Vihari,Batter,0.0,0.0,0.0,0,284,319,89.03,14.95,7.52,1,42,6.71,0.143,40.48
GHS Garton,Batter,0.0,0.0,0.0,0,2,4,50.0,2.0,0.0,3,90,9.0,0.2,34.44
GJ Bailey,Batter,0.0,0.0,0.0,0,663,541,122.55,25.5,14.42,0,0,,0.0,0.0
GR Napier,Batter,0.0,0.0,0.0,0,15,16,93.75,15.0,6.25,1,24,6.75,0.25,33.33
GS Sandhu,Batter,0.0,0.0,0.0,0,0,0,0.0,0.0,0.0,1,48,10.25,0.125,18.75
Gagandeep Singh,Batter,0.0,0.0,0.0,0,0,0,0.0,0.0,0.0,3,84,10.07,0.214,29.76
Gulbadin Naib,Batter,0.0,0.0,0.0,0,19,15,126.67,19.0,13.33,0,6,12.0,0.0,16.67
Gurjapneet Singh,Batter,0.0,0.0,0.0,0,0,0,0.0,0.0,0.0,4,151,9.26,0.159,30.46
Gurkeerat Singh,Batter,0.0,0.0,0.0,0,511,422,121.09,21.29,15.64,5,78,7.46,0.385,33.33
Gurnoor Brar,Batter,0.0,0.0,0.0,0,0,0,0.0,0.0,0.0,0,18,14.0,0.0,38.89
H Das,Batter,0.0,0.0,0.0,0,2,5,40.0,2.0,0.0,0,0,,0.0,0.0
H Sharma,Batter,0.0,0.0,0.0,0,0,0,0.0,0.0,0.0,0,30,11.4,0.0,6.67
HC Brook,Batter,0.0,0.0,0.0,0,190,153,124.18,21.11,17.65,0,0,,0.0,0.0
HE van der Dussen,Batter,0.0,0.0,0.0,0,22,24,91.67,11.0,8.33,0,0,,0.0,0.0
HF Gurney,Batter,0.0,0.0,0.0,0,1,5,20.0,0.0,0.0,7,162,8.81,0.259,30.86
HM Amla,Batter,0.0,0.0,0.0,0,577,406,142.12,44.38,19.95,0,0,,0.0,0.0
HR Shokeen,Batter,0.0,0.0,0.0,0,66,65,101.54,22.0,13.85,5,204,9.24,0.147,38.24
Harmeet Singh,Batter,0.0,0.0,0.0,0,18,12,150.0,9.0,25.0,27,549,7.99,0.295,36.61
Harpreet Singh,Batter,0.0,0.0,0.0,0,123,118,104.24,20.5,11.02,0,0,,0.0,0.0
Harsh Dubey,Batter,0.0,0.0,0.0,0,13,9,144.44,6.5,22.22,13,192,10.19,0.406,28.12
Himmat Singh,Batter,0.0,0.0,0.0,0,92,65,141.54,30.67,15.38,0,0,,0.0,0.0
I Malhotra,Batter,0.0,0.0,0.0,0,7,4,175.0,0.0,25.0,0,6,23.0,0.0,0.0
I Udana,Batter,0.0,0.0,0.0,0,15,11,136.36,5.0,18.18,8,174,9.72,0.276,25.86
IC Pandey,Batter,0.0,0.0,0.0,0,0,2,0.0,0.0,0.0,18,462,7.68,0.234,45.89
IC Porel,Batter,0.0,0.0,0.0,0,0,0,0.0,0.0,0.0,1,24,9.75,0.25,29.17
IR Jaggi,Batter,0.0,0.0,0.0,0,76,97,78.35,15.2,6.19,0,0,,0.0,0.0
IS Sodhi,Batter,0.0,0.0,0.0,0,7,17,41.18,3.5,0.0,9,181,6.7,0.298,35.36
J Arunkumar,Batter,0.0,0.0,0.0,0,23,23,100.0,7.67,21.74,0,0,,0.0,0.0
J Fraser-McGurk,Batter,0.0,0.0,0.0,0,385,191,201.57,27.5,36.13,0,0,,0.0,0.0
J Little,Batter,0.0,0.0,0.0,0,0,0,0.0,0.0,0.0,11,228,8.92,0.289,35.96
J Overton,Batter,0.0,0.0,0.0,0,151,92,164.13,30.2,22.83,14,204,9.76,0.412,31.37
J Suchith,Batter,0.0,0.0,0.0,0,70,61,114.75,17.5,14.75,19,420,8.6,0.271,33.33
J Syed Mohammad,Batter,0.0,0.0,0.0,0,29,26,111.54,14.5,15.38,8,192,8.84,0.25,24.48
J Theron,Batter,0.0,0.0,0.0,0,10,12,83.33,5.0,8.33,11,221,8.2,0.299,30.77
J Yadav,Batter,0.0,0.0,0.0,0,40,36,111.11,20.0,8.33,8,390,6.85,0.123,39.23
JA Duffy,Batter,0.0,0.0,0.0,0,0,0,0.0,0.0,0.0,6,96,11.62,0.375,39.58
JA Richardson,Batter,0.0,0.0,0.0,0,17,26,65.38,5.67,7.69,3,90,10.47,0.2,33.33
JD Ryder,Batter,0.0,0.0,0.0,0,604,455,132.75,22.37,19.34,8,236,7.7,0.203,33.47
JDP Oram,Batter,0.0,0.0,0.0,0,106,107,99.07,13.25,10.28,9,237,8.84,0.228,33.33
JDS Neesham,Batter,0.0,0.0,0.0,0,92,93,98.92,11.5,8.6,8,216,9.28,0.222,29.17
JE Root,Batter,0.0,0.0,0.0,0,10,15,66.67,10.0,6.67,0,12,7.0,0.0,8.33
JE Taylor,Batter,0.0,0.0,0.0,0,3,3,100.0,0.0,0.0,6,117,8.05,0.308,41.03
JEC Franklin,Batter,0.0,0.0,0.0,0,327,300,109.0,29.73,11.33,9,151,8.74,0.358,25.83
JG Bethell,Batter,0.0,0.0,0.0,0,163,116,140.52,18.11,23.28,0,0,,0.0,0.0
JJ Roy,Batter,0.0,0.0,0.0,0,614,441,139.23,32.32,21.77,0,0,,0.0,0.0
JJ van der Wath,Batter,0.0,0.0,0.0,0,18,16,112.5,9.0,12.5,3,72,10.75,0.25,40.28
JL Denly,Batter,0.0,0.0,0.0,0,0,1,0.0,0.0,0.0,0,0,,0.0,0.0
JL Pattinson,Batter,0.0,0.0,0.0,0,15,13,115.38,15.0,15.38,11,213,9.01,0.31,36.15
JM Kemp,Batter,0.0,0.0,0.0,0,26,24,108.33,13.0,8.33,3,44,7.36,0.409,34.09
JP Behrendorff,Batter,0.0,0.0,0.0,0,6,9,66.67,0.0,0.0,19,366,9.05,0.311,37.98
JP Inglis,Batter,0.0,0.0,0.0,0,544,313,173.8,38.86,27.48,0,0,,0.0,0.0
JPR Scantlebury-Searles,Batter,0.0,0.0,0.0,0,8,6,133.33,8.0,16.67,2,42,12.71,0.286,16.67
JR Hopes,Batter,0.0,0.0,0.0,0,417,305,136.72,26.06,19.67,14,360,9.13,0.233,29.17
JR Philippe,Batter,0.0,0.0,0.0,0,78,77,101.3,19.5,12.99,0,0,,0.0,0.0
JW Hastings,Batter,0.0,0.0,0.0,0,0,0,0.0,0.0,0.0,3,58,6.83,0.31,53.45
Jalaj S Saxena,Batter,0.0,0.0,0.0,0,0,0,0.0,0.0,0.0,0,18,9.0,0.0,27.78
Jaskaran Singh,Batter,0.0,0.0,0.0,0,8,11,72.73,8.0,0.0,6,102,10.06,0.353,38.24
Joginder Sharma,Batter,0.0,0.0,0.0,0,36,30,120.0,9.0,10.0,12,256,9.82,0.281,27.73
K Goel,Batter,0.0,0.0,0.0,0,218,231,94.37,16.77,11.26,0,66,8.45,0.0,28.79
K Gowtham,Batter,0.0,0.0,0.0,0,247,147,168.03,13.72,21.77,21,588,8.24,0.214,35.03
K Kartikeya,Batter,0.0,0.0,0.0,0,12,17,70.59,4.0,5.88,12,282,8.66,0.255,30.14
K Khejroliya,Batter,0.0,0.0,0.0,0,0,0,0.0,0.0,0.0,6,139,10.62,0.259,25.9
K Santokie,Batter,0.0,0.0,0.0,0,0,0,0.0,0.0,0.0,3,48,11.25,0.375,31.25
K Upadhyay,Batter,0.0,0.0,0.0,0,12,9,133.33,0.0,11.11,0,54,9.0,0.0,37.04
K Yadav,Batter,0.0,0.0,0.0,0,0,4,0.0,0.0,0.0,2,54,9.33,0.222,24.07
KA Jamieson,Batter,0.0,0.0,0.0,0,77,73,105.48,19.25,13.7,16,300,10.12,0.32,38.0
KA Maharaj,Batter,0.0,0.0,0.0,0,1,2,50.0,1.0,0.0,2,36,6.5,0.333,30.56
KAJ Roach,Batter,0.0,0.0,0.0,0,10,9,111.11,10.0,11.11,0,48,10.0,0.0,41.67
KB Arun Karthik,Batter,0.0,0.0,0.0,0,51,51,100.0,10.2,9.8,0,0,,0.0,0.0
KC Cariappa,Batter,0.0,0.0,0.0,0,24,21,114.29,8.0,9.52,8,216,9.67,0.222,28.24
KJ Abbott,Batter,0.0,0.0,0.0,0,13,8,162.5,13.0,12.5,2,96,11.06,0.125,29.17
KK Cooper,Batter,0.0,0.0,0.0,0,116,67,173.13,12.89,25.37,33,576,7.89,0.344,31.94
KL Nagarkoti,Batter,0.0,0.0,0.0,0,22,33,66.67,5.5,3.03,5,180,9.5,0.167,27.78
KM Asif,Batter,0.0,0.0,0.0,0,0,2,0.0,0.0,0.0,7,133,10.42,0.316,34.59
KMA Paul,Batter,0.0,0.0,0.0,0,18,24,75.0,4.5,8.33,9,163,8.72,0.331,31.9
KMDN Kulasekara,Batter,0.0,0.0,0.0,0,5,3,166.67,0.0,33.33,5,102,7.06,0.294,44.12
KP Appanna,Batter,0.0,0.0,0.0,0,2,4,50.0,2.0,0.0,9,216,7.94,0.25,31.48
KR Mayers,Batter,0.0,0.0,0.0,0,379,258,146.9,29.15,23.26,0,42,8.43,0.0,33.33
KR Sen,Batter,0.0,0.0,0.0,0,0,3,0.0,0.0,0.0,14,241,9.63,0.349,34.44
KS Bharat,Batter,0.0,0.0,0.0,0,199,161,123.6,28.43,12.42,0,0,,0.0,0.0
KS Rathore,Batter,0.0,0.0,0.0,0,0,5,0.0,0.0,0.0,0,0,,0.0,0.0
KS Sharma,Batter,0.0,0.0,0.0,0,16,25,64.0,5.33,4.0,0,0,,0.0,0.0
KT Maphaka,Batter,0.0,0.0,0.0,0,8,2,400.0,0.0,100.0,2,66,13.0,0.182,33.33
KW Richardson,Batter,0.0,0.0,0.0,0,36,39,92.31,12.0,7.69,19,335,8.45,0.34,38.51
Kamran Akmal,Batter,0.0,0.0,0.0,0,128,77,166.23,32.0,27.27,0,0,,0.0,0.0
Kamran Khan,Batter,0.0,0.0,0.0,0,3,5,60.0,3.0,0.0,10,166,8.64,0.361,37.95
Karanveer Singh,Batter,0.0,0.0,0.0,0,12,17,70.59,12.0,5.88,12,204,9.44,0.353,31.37
Karim Janat,Batter,0.0,0.0,0.0,0,0,0,0.0,0.0,0.0,0,6,30.0,0.0,0.0
Kartik Sharma,Batter,0.0,0.0,0.0,0,295,216,136.57,32.78,18.52,0,0,,0.0,0.0
Krish Bhagat,Batter,0.0,0.0,0.0,0,10,21,47.62,10.0,0.0,0,36,10.5,0.0,41.67
Kumar Kushagra,Batter,0.0,0.0,0.0,0,21,21,100.0,5.25,14.29,0,0,,0.0,0.0
L Ablish,Batter,0.0,0.0,0.0,0,0,2,0.0,0.0,0.0,3,42,10.71,0.429,23.81
L Ronchi,Batter,0.0,0.0,0.0,0,34,34,100.0,11.33,20.59,0,0,,0.0,0.0
L Wood,Batter,0.0,0.0,0.0,0,9,3,300.0,0.0,33.33,1,36,15.5,0.167,22.22
LA Carseldine,Batter,0.0,0.0,0.0,0,81,66,122.73,27.0,16.67,1,6,6.0,1.0,66.67
LA Pomersbach,Batter,0.0,0.0,0.0,0,302,243,124.28,30.2,15.64,0,0,,0.0,0.0
LB Williams,Batter,0.0,0.0,0.0,0,1,2,50.0,0.0,0.0,1,36,12.0,0.167,33.33
LE Plunkett,Batter,0.0,0.0,0.0,0,1,3,33.33,1.0,0.0,4,150,9.0,0.16,26.0
LG Pretorius,Batter,0.0,0.0,0.0,0,7,8,87.5,7.0,0.0,0,0,,0.0,0.0
LI Meriwala,Batter,0.0,0.0,0.0,0,0,0,0.0,0.0,0.0,1,18,10.67,0.333,33.33
LJ Wright,Batter,0.0,0.0,0.0,0,106,59,179.66,26.5,32.2,2,71,10.48,0.169,19.72
LPC Silva,Batter,0.0,0.0,0.0,0,40,26,153.85,20.0,23.08,0,6,21.0,0.0,0.0
LR Shukla,Batter,0.0,0.0,0.0,0,405,350,115.71,15.0,14.0,15,314,8.54,0.287,34.71
Lalit Yadav,Batter,0.0,0.0,0.0,0,305,285,107.02,20.33,11.93,10,288,8.85,0.208,28.47
Liton Das,Batter,0.0,0.0,0.0,0,4,4,100.0,4.0,25.0,0,0,,0.0,0.0
M Kaif,Batter,0.0,0.0,0.0,0,259,249,104.02,16.19,11.24,0,0,,0.0,0.0
M Klinger,Batter,0.0,0.0,0.0,0,73,75,97.33,18.25,12.0,0,0,,0.0,0.0
M Manhas,Batter,0.0,0.0,0.0,0,514,470,109.36,22.35,11.28,0,42,6.0,0.0,35.71
M Ntini,Batter,0.0,0.0,0.0,0,11,18,61.11,11.0,11.11,7,210,6.91,0.2,47.14
M Rawat,Batter,0.0,0.0,0.0,0,55,69,79.71,11.0,7.25,0,0,,0.0,0.0
M Shahrukh Khan,Batter,0.0,0.0,0.0,0,775,523,148.18,22.79,19.31,1,18,9.33,0.333,22.22
M Siddharth,Batter,0.0,0.0,0.0,0,0,0,0.0,0.0,0.0,9,186,9.13,0.29,31.72
M Tiwari,Batter,0.0,0.0,0.0,0,21,12,175.0,21.0,25.0,4,66,9.18,0.364,28.79
M de Lange,Batter,0.0,0.0,0.0,0,1,2,50.0,1.0,0.0,5,108,9.39,0.278,36.11
MA Khote,Batter,0.0,0.0,0.0,0,24,22,109.09,12.0,13.64,2,30,10.2,0.4,16.67
MA Wood,Batter,0.0,0.0,0.0,0,12,8,150.0,6.0,25.0,11,120,8.95,0.55,39.17
MB Parmar,Batter,0.0,0.0,0.0,0,0,0,0.0,0.0,0.0,0,18,11.0,0.0,22.22
MC Juneja,Batter,0.0,0.0,0.0,0,125,128,97.66,17.86,9.38,0,0,,0.0,0.0
MD Choudhary,Batter,0.0,0.0,0.0,0,170,120,141.67,28.33,19.17,0,0,,0.0,0.0
MD Mishra,Batter,0.0,0.0,0.0,0,237,206,115.05,15.8,15.53,0,0,,0.0,0.0
MD Shanaka,Batter,0.0,0.0,0.0,0,81,60,135.0,20.25,15.0,1,36,10.0,0.167,19.44
MDKJ Perera,Batter,0.0,0.0,0.0,0,14,13,107.69,7.0,23.08,0,0,,0.0,0.0
MF Maharoof,Batter,0.0,0.0,0.0,0,177,123,143.9,17.7,17.07,27,420,7.43,0.386,39.29
MG Bracewell,Batter,0.0,0.0,0.0,0,58,47,123.4,29.0,14.89,6,66,8.64,0.545,39.39
MG Neser,Batter,0.0,0.0,0.0,0,0,0,0.0,0.0,0.0,0,24,15.5,0.0,20.83
MJ Clarke,Batter,0.0,0.0,0.0,0,98,94,104.26,16.33,12.77,2,66,6.09,0.182,33.33
MJ Guptill,Batter,0.0,0.0,0.0,0,271,196,138.27,22.58,19.9,0,0,,0.0,0.0
MJ Henry,Batter,0.0,0.0,0.0,0,7,10,70.0,3.5,10.0,4,162,11.52,0.148,24.69
MJ Lumb,Batter,0.0,0.0,0.0,0,278,191,145.55,27.8,26.7,0,0,,0.0,0.0
MJ Owen,Batter,0.0,0.0,0.0,0,0,2,0.0,0.0,0.0,0,0,,0.0,0.0
MJ Suthar,Batter,0.0,0.0,0.0,0,1,2,50.0,1.0,0.0,2,48,11.75,0.25,35.42
MK Lomror,Batter,0.0,0.0,0.0,0,527,372,141.67,18.17,16.94,1,90,8.47,0.067,24.44
MN Samuels,Batter,0.0,0.0,0.0,0,161,172,93.6,14.64,9.3,9,214,7.96,0.252,36.92
MN van Wyk,Batter,0.0,0.0,0.0,0,167,131,127.48,55.67,15.27,0,0,,0.0,0.0
MP Breetzke,Batter,0.0,0.0,0.0,0,14,12,116.67,14.0,16.67,0,0,,0.0,0.0
MP Yadav,Batter,0.0,0.0,0.0,0,5,5,100.0,5.0,20.0,9,217,10.15,0.249,42.4
MS Bhandage,Batter,0.0,0.0,0.0,0,1,4,25.0,1.0,0.0,0,0,,0.0,0.0
MS Wade,Batter,0.0,0.0,0.0,0,183,177,103.39,14.08,14.12,0,0,,0.0,0.0
MV Boucher,Batter,0.0,0.0,0.0,0,394,307,128.34,28.14,14.66,0,0,,0.0,0.0
MW Short,Batter,0.0,0.0,0.0,0,177,142,124.65,19.67,18.31,0,43,8.93,0.0,37.21
Mashrafe Mortaza,Batter,0.0,0.0,0.0,0,2,2,100.0,0.0,0.0,0,24,14.5,0.0,25.0
Mayank Dagar,Batter,0.0,0.0,0.0,0,0,1,0.0,0.0,0.0,2,137,8.89,0.088,31.39
Misbah-ul-Haq,Batter,0.0,0.0,0.0,0,117,81,144.44,16.71,19.75,0,0,,0.0,0.0
Mohammad Ashraful,Batter,0.0,0.0,0.0,0,2,10,20.0,2.0,0.0,0,0,,0.0,0.0
Mohammad Asif,Batter,0.0,0.0,0.0,0,3,6,50.0,1.5,0.0,8,192,9.25,0.25,33.33
Mohammad Hafeez,Batter,0.0,0.0,0.0,0,64,83,77.11,9.14,10.84,2,60,6.8,0.2,36.67
Mohammad Nabi,Batter,0.0,0.0,0.0,0,221,151,146.36,13.81,19.87,15,417,7.44,0.216,35.01
Mohit Rathee,Batter,0.0,0.0,0.0,0,1,2,50.0,0.0,0.0,0,12,14.5,0.0,25.0
Monu Kumar,Batter,0.0,0.0,0.0,0,0,0,0.0,0.0,0.0,0,12,10.0,0.0,33.33
Mujeeb Ur Rahman,Batter,0.0,0.0,0.0,0,12,15,80.0,4.0,13.33,20,446,8.34,0.269,33.86
Mukesh Choudhary,Batter,0.0,0.0,0.0,0,8,8,100.0,0.0,12.5,25,483,9.58,0.311,40.99
Musheer Khan,Batter,0.0,0.0,0.0,0,0,3,0.0,0.0,0.0,1,12,13.5,0.5,8.33
N Burger,Batter,0.0,0.0,0.0,0,13,8,162.5,0.0,12.5,18,321,9.79,0.336,40.5
N Jagadeesan,Batter,0.0,0.0,0.0,0,162,147,110.2,18.0,15.65,0,0,,0.0,0.0
N Saini,Batter,0.0,0.0,0.0,0,140,140,100.0,14.0,11.43,0,0,,0.0,0.0
N Sindhu,Batter,0.0,0.0,0.0,0,38,29,131.03,12.67,17.24,0,0,,0.0,0.0
N Thushara,Batter,0.0,0.0,0.0,0,0,0,0.0,0.0,0.0,9,180,9.43,0.3,32.22
N Wadhera,Batter,0.0,0.0,0.0,0,784,557,140.75,24.5,19.21,0,17,7.76,0.0,17.65
NA Saini,Batter,0.0,0.0,0.0,0,0,0,0.0,0.0,0.0,0,12,17.0,0.0,16.67
NB Singh,Batter,0.0,0.0,0.0,0,0,0,0.0,0.0,0.0,1,24,3.75,0.25,54.17
ND Doshi,Batter,0.0,0.0,0.0,0,0,13,0.0,0.0,0.0,2,56,8.46,0.214,42.86
NJ Maddinson,Batter,0.0,0.0,0.0,0,20,21,95.24,6.67,19.05,0,0,,0.0,0.0
NJ Rimmington,Batter,0.0,0.0,0.0,0,1,1,100.0,0.0,0.0,0,18,6.33,0.0,50.0
NK Patel,Batter,0.0,0.0,0.0,0,121,119,101.68,30.25,12.61,0,0,,0.0,0.0
NL McCullum,Batter,0.0,0.0,0.0,0,26,22,118.18,26.0,4.55,0,30,6.8,0.0,33.33
NS Naik,Batter,0.0,0.0,0.0,0,31,50,62.0,7.75,4.0,0,0,,0.0,0.0
NT Ellis,Batter,0.0,0.0,0.0,0,19,25,76.0,4.75,4.0,19,378,8.67,0.302,30.95
Naman Dhir,Batter,0.0,0.0,0.0,0,710,432,164.35,27.31,24.07,0,52,8.77,0.0,21.15
Naveen-ul-Haq,Batter,0.0,0.0,0.0,0,18,24,75.0,18.0,8.33,25,387,9.16,0.388,34.37
Nithish Kumar Reddy,Batter,0.0,0.0,0.0,0,749,520,144.04,28.81,17.5,12,313,10.83,0.23,27.16
O Thomas,Batter,0.0,0.0,0.0,0,0,0,0.0,0.0,0.0,5,60,7.9,0.5,28.33
OA Shah,Batter,0.0,0.0,0.0,0,506,388,130.41,42.17,14.69,0,0,,0.0,0.0
OC McCoy,Batter,0.0,0.0,0.0,0,8,5,160.0,0.0,20.0,11,161,9.32,0.41,30.43
OF Smith,Batter,0.0,0.0,0.0,0,51,44,115.91,17.0,13.64,6,90,11.87,0.4,38.89
P Amarnath,Batter,0.0,0.0,0.0,0,0,0,0.0,0.0,0.0,7,132,10.73,0.318,21.97
P Chopra,Batter,0.0,0.0,0.0,0,8,6,133.33,8.0,33.33,0,0,,0.0,0.0
P Dogra,Batter,0.0,0.0,0.0,0,127,138,92.03,15.88,6.52,0,0,,0.0,0.0
P Dubey,Batter,0.0,0.0,0.0,0,23,33,69.7,23.0,6.06,2,78,8.54,0.154,29.49
P Nissanka,Batter,0.0,0.0,0.0,0,278,173,160.69,27.8,26.01,0,0,,0.0,0.0
P Parameswaran,Batter,0.0,0.0,0.0,0,1,2,50.0,0.0,0.0,9,154,8.73,0.351,41.56
P Prasanth,Batter,0.0,0.0,0.0,0,0,0,0.0,0.0,0.0,0,6,18.0,0.0,50.0
P Ray Barman,Batter,0.0,0.0,0.0,0,19,24,79.17,19.0,8.33,0,24,14.0,0.0,8.33
P Sahu,Batter,0.0,0.0,0.0,0,19,13,146.15,0.0,15.38,3,105,8.34,0.171,22.86
P Suyal,Batter,0.0,0.0,0.0,0,0,0,0.0,0.0,0.0,2,96,9.44,0.125,37.5
PA Reddy,Batter,0.0,0.0,0.0,0,164,160,102.5,16.4,10.62,0,0,,0.0,0.0
PBB Rajapaksa,Batter,0.0,0.0,0.0,0,277,190,145.79,23.08,19.47,0,0,,0.0,0.0
PC Valthaty,Batter,0.0,0.0,0.0,0,505,414,121.98,22.95,19.57,7,151,8.15,0.278,29.14
PD Collingwood,Batter,0.0,0.0,0.0,0,203,156,130.13,50.75,14.1,5,89,6.81,0.337,26.97
PH Solanki,Batter,0.0,0.0,0.0,0,0,0,0.0,0.0,0.0,2,36,6.33,0.333,30.56
PHKD Mendis,Batter,0.0,0.0,0.0,0,92,68,135.29,23.0,13.24,2,42,8.57,0.286,26.19
PK Garg,Batter,0.0,0.0,0.0,0,273,238,114.71,15.17,10.5,0,0,,0.0,0.0
PM Sarvesh Kumar,Batter,0.0,0.0,0.0,0,1,2,50.0,0.0,0.0,1,30,8.4,0.2,36.67
PN Mankad,Batter,0.0,0.0,0.0,0,97,72,134.72,32.33,20.83,0,0,,0.0,0.0
PP Hinge,Batter,0.0,0.0,0.0,0,3,9,33.33,3.0,0.0,11,132,11.41,0.5,38.64
PR Shah,Batter,0.0,0.0,0.0,0,92,90,102.22,11.5,12.22,0,0,,0.0,0.0
PR Veer,Batter,0.0,0.0,0.0,0,90,67,134.33,45.0,19.4,0,12,12.5,0.0,41.67
PSP Handscomb,Batter,0.0,0.0,0.0,0,6,12,50.0,6.0,0.0,0,0,,0.0,0.0
PVD Chameera,Batter,0.0,0.0,0.0,0,53,45,117.78,17.67,13.33,13,396,9.82,0.197,38.13
PVSN Raju,Batter,0.0,0.0,0.0,0,1,1,100.0,0.0,0.0,1,24,13.25,0.25,12.5
PWA Mulder,Batter,0.0,0.0,0.0,0,9,11,81.82,9.0,9.09,0,6,16.0,0.0,16.67
Pankaj Singh,Batter,0.0,0.0,0.0,0,7,12,58.33,3.5,0.0,11,300,9.36,0.22,37.0
Parvez Rasool,Batter,0.0,0.0,0.0,0,17,20,85.0,8.5,5.0,4,198,8.21,0.121,30.3
Prince Yadav,Batter,0.0,0.0,0.0,0,5,11,45.45,0.0,0.0,19,450,9.17,0.253,34.67
Priyansh Arya,Batter,0.0,0.0,0.0,0,909,469,193.82,29.32,31.98,0,0,,0.0,0.0
R Bishnoi,Batter,0.0,0.0,0.0,0,19,17,111.76,6.33,17.65,0,0,,0.0,0.0
R Goyal,Batter,0.0,0.0,0.0,0,0,0,0.0,0.0,0.0,0,24,8.25,0.0,25.0
R McLaren,Batter,0.0,0.0,0.0,0,159,171,92.98,19.88,8.77,12,354,9.19,0.203,32.77
R Minz,Batter,0.0,0.0,0.0,0,12,19,63.16,4.0,5.26,0,0,,0.0,0.0
R Ninan,Batter,0.0,0.0,0.0,0,3,5,60.0,3.0,0.0,3,36,10.83,0.5,22.22
R Powell,Batter,0.0,0.0,0.0,0,555,389,142.67,23.12,19.54,1,18,11.67,0.333,22.22
R Rampaul,Batter,0.0,0.0,0.0,0,51,49,104.08,10.2,10.2,16,268,6.92,0.358,48.51
R Ravindra,Batter,0.0,0.0,0.0,0,413,284,145.42,25.81,19.72,0,12,3.5,0.0,41.67
R Sai Kishore,Batter,0.0,0.0,0.0,0,18,16,112.5,6.0,12.5,33,465,8.99,0.426,29.25
R Sanjay Yadav,Batter,0.0,0.0,0.0,0,0,2,0.0,0.0,0.0,0,12,11.5,0.0,50.0
R Sathish,Batter,0.0,0.0,0.0,0,270,230,117.39,16.88,12.17,3,139,10.01,0.129,21.58
R Shepherd,Batter,0.0,0.0,0.0,0,268,150,178.67,24.36,26.67,17,354,11.71,0.288,27.12
R Shukla,Batter,0.0,0.0,0.0,0,19,23,82.61,19.0,8.7,5,120,10.4,0.25,31.67
R Smaran,Batter,0.0,0.0,0.0,0,18,21,85.71,9.0,14.29,0,0,,0.0,0.0
RA Bawa,Batter,0.0,0.0,0.0,0,35,32,109.38,11.67,6.25,2,24,12.5,0.5,29.17
RA Shaikh,Batter,0.0,0.0,0.0,0,0,0,0.0,0.0,0.0,0,6,11.0,0.0,16.67
RD Rickelton,Batter,0.0,0.0,0.0,0,836,495,168.89,34.83,26.87,0,0,,0.0,0.0
RE Levi,Batter,0.0,0.0,0.0,0,83,73,113.7,13.83,19.18,0,0,,0.0,0.0
RE van der Merwe,Batter,0.0,0.0,0.0,0,159,141,112.77,14.45,13.48,21,443,6.74,0.284,33.41
RG More,Batter,0.0,0.0,0.0,0,2,2,100.0,0.0,0.0,1,35,10.11,0.171,11.43
RJ Gleeson,Batter,0.0,0.0,0.0,0,2,2,100.0,0.0,0.0,2,68,9.71,0.176,35.29
RJ Peterson,Batter,0.0,0.0,0.0,0,32,30,106.67,10.67,13.33,3,48,8.75,0.375,43.75
RJ Quiney,Batter,0.0,0.0,0.0,0,103,102,100.98,14.71,14.71,0,0,,0.0,0.0
RJW Topley,Batter,0.0,0.0,0.0,0,3,6,50.0,0.0,0.0,5,120,11.1,0.25,36.67
RK Bhui,Batter,0.0,0.0,0.0,0,10,26,38.46,2.5,0.0,0,0,,0.0,0.0
RN ten Doeschate,Batter,0.0,0.0,0.0,0,326,235,138.72,23.29,17.45,2,78,7.23,0.154,28.21
RP Meredith,Batter,0.0,0.0,0.0,0,0,3,0.0,0.0,0.0,19,388,9.46,0.294,37.89
RR Bhatkal,Batter,0.0,0.0,0.0,0,0,2,0.0,0.0,0.0,0,12,17.5,0.0,0.0
RR Bose,Batter,0.0,0.0,0.0,0,0,0,0.0,0.0,0.0,0,12,12.0,0.0,41.67
RR Powar,Batter,0.0,0.0,0.0,0,67,64,104.69,33.5,10.94,13,426,7.42,0.183,38.97
RR Raje,Batter,0.0,0.0,0.0,0,20,18,111.11,20.0,11.11,6,139,9.02,0.259,28.06
RR Rossouw,Batter,0.0,0.0,0.0,0,473,306,154.58,23.65,22.88,0,0,,0.0,0.0
RR Sarwan,Batter,0.0,0.0,0.0,0,73,75,97.33,24.33,9.33,0,0,,0.0,0.0
RS Bopara,Batter,0.0,0.0,0.0,0,531,453,117.22,31.24,12.14,11,206,8.5,0.32,29.61
RS Gavaskar,Batter,0.0,0.0,0.0,0,2,8,25.0,2.0,0.0,0,6,8.0,0.0,33.33
RS Ghosh,Batter,0.0,0.0,0.0,0,0,0,0.0,0.0,0.0,1,18,8.0,0.333,33.33
RS Hangargekar,Batter,0.0,0.0,0.0,0,0,0,0.0,0.0,0.0,3,36,10.0,0.5,38.89
RS Sodhi,Batter,0.0,0.0,0.0,0,4,2,200.0,0.0,50.0,0,0,,0.0,0.0
RT Ponting,Batter,0.0,0.0,0.0,0,91,128,71.09,11.38,5.47,0,0,,0.0,0.0
RV Gomez,Batter,0.0,0.0,0.0,0,50,51,98.04,10.0,11.76,5,96,8.06,0.312,38.54
RV Patel,Batter,0.0,0.0,0.0,0,80,73,109.59,20.0,10.96,0,18,7.33,0.0,27.78
RW Price,Batter,0.0,0.0,0.0,0,0,0,0.0,0.0,0.0,0,18,11.0,0.0,5.56
Raghu Sharma,Batter,0.0,0.0,0.0,0,0,0,0.0,0.0,0.0,1,90,8.67,0.067,25.56
Rahmanullah Gurbaz,Batter,0.0,0.0,0.0,0,363,268,135.45,21.35,20.9,0,0,,0.0,0.0
Ramandeep Singh,Batter,0.0,0.0,0.0,0,299,203,147.29,18.69,17.73,7,56,10.07,0.75,23.21
Rasikh Salam,Batter,0.0,0.0,0.0,0,43,42,102.38,8.6,11.9,24,446,10.26,0.323,29.82
Ravi Singh,Batter,0.0,0.0,0.0,0,4,2,200.0,4.0,50.0,0,0,,0.0,0.0
S Anirudha,Batter,0.0,0.0,0.0,0,136,112,121.43,17.0,14.29,0,0,,0.0,0.0
S Arora,Batter,0.0,0.0,0.0,0,121,77,157.14,20.17,23.38,0,0,,0.0,0.0
S Badree,Batter,0.0,0.0,0.0,0,13,23,56.52,2.6,0.0,11,258,7.42,0.256,42.25
S Chanderpaul,Batter,0.0,0.0,0.0,0,25,31,80.65,8.33,12.9,0,0,,0.0,0.0
S Joseph,Batter,0.0,0.0,0.0,0,0,0,0.0,0.0,0.0,0,24,11.75,0.0,37.5
S Kaushik,Batter,0.0,0.0,0.0,0,0,1,0.0,0.0,0.0,6,204,8.74,0.176,33.33
S Ladda,Batter,0.0,0.0,0.0,0,0,9,0.0,0.0,0.0,5,138,9.74,0.217,34.78
S Lamichhane,Batter,0.0,0.0,0.0,0,0,1,0.0,0.0,0.0,13,210,8.34,0.371,35.71
S Midhun,Batter,0.0,0.0,0.0,0,0,0,0.0,0.0,0.0,0,12,13.5,0.0,25.0
S Narwal,Batter,0.0,0.0,0.0,0,37,27,137.04,12.33,22.22,5,106,11.43,0.283,34.91
S Rana,Batter,0.0,0.0,0.0,0,91,79,115.19,22.75,12.66,0,16,6.75,0.0,31.25
S Randiv,Batter,0.0,0.0,0.0,0,2,4,50.0,2.0,0.0,6,174,7.69,0.207,34.48
S Sandeep Warrier,Batter,0.0,0.0,0.0,0,0,0,0.0,0.0,0.0,8,168,9.04,0.286,42.86
S Sohal,Batter,0.0,0.0,0.0,0,368,289,127.34,20.44,17.99,0,0,,0.0,0.0
S Sriram,Batter,0.0,0.0,0.0,0,31,36,86.11,15.5,8.33,0,18,16.33,0.0,11.11
S Tyagi,Batter,0.0,0.0,0.0,0,3,4,75.0,0.0,0.0,6,209,8.47,0.172,44.5
S Vidyut,Batter,0.0,0.0,0.0,0,145,109,133.03,18.12,22.02,1,12,11.0,0.5,41.67
SA Abbott,Batter,0.0,0.0,0.0,0,22,18,122.22,11.0,16.67,1,54,11.56,0.111,24.07
SA Asnodkar,Batter,0.0,0.0,0.0,0,423,337,125.52,23.5,19.58,0,0,,0.0,0.0
SB Bangar,Batter,0.0,0.0,0.0,0,49,58,84.48,8.17,6.9,4,150,8.76,0.16,36.67
SB Dubey,Batter,0.0,0.0,0.0,0,220,142,154.93,22.0,21.13,0,0,,0.0,0.0
SB Joshi,Batter,0.0,0.0,0.0,0,6,14,42.86,3.0,0.0,1,55,8.95,0.109,32.73
SB Styris,Batter,0.0,0.0,0.0,0,131,132,99.24,18.71,9.85,8,216,7.67,0.222,38.43
SB Wagh,Batter,0.0,0.0,0.0,0,2,3,66.67,1.0,0.0,5,102,8.06,0.294,44.12
SC Kuggeleijn,Batter,0.0,0.0,0.0,0,0,0,0.0,0.0,0.0,2,48,8.88,0.25,35.42
SD Chitnis,Batter,0.0,0.0,0.0,0,99,88,112.5,14.14,13.64,2,36,10.0,0.333,25.0
SD Hope,Batter,0.0,0.0,0.0,0,183,122,150.0,26.14,19.67,0,0,,0.0,0.0
SD Lad,Batter,0.0,0.0,0.0,0,15,13,115.38,15.0,15.38,0,0,,0.0,0.0
SE Bond,Batter,0.0,0.0,0.0,0,1,2,50.0,1.0,0.0,9,186,7.23,0.29,40.32
SE Rutherford,Batter,0.0,0.0,0.0,0,520,362,143.65,24.76,18.78,1,41,8.63,0.146,17.07
SH Johnson,Batter,0.0,0.0,0.0,0,8,12,66.67,8.0,8.33,7,230,10.33,0.183,36.96
SJ Srivastava,Batter,0.0,0.0,0.0,0,5,5,100.0,5.0,0.0,14,282,9.38,0.298,36.52
SK Rasheed,Batter,0.0,0.0,0.0,0,71,63,112.7,14.2,17.46,0,0,,0.0,0.0
SM Boland,Batter,0.0,0.0,0.0,0,0,0,0.0,0.0,0.0,2,42,7.71,0.286,33.33
SM Harwood,Batter,0.0,0.0,0.0,0,9,13,69.23,0.0,0.0,3,60,7.3,0.3,55.0
SM Katich,Batter,0.0,0.0,0.0,0,241,185,130.27,26.78,18.38,0,0,,0.0,0.0
SM Pollock,Batter,0.0,0.0,0.0,0,147,111,132.43,18.38,18.02,11,276,6.54,0.239,47.1
SMSM Senanayake,Batter,0.0,0.0,0.0,0,10,16,62.5,10.0,0.0,9,192,6.53,0.281,38.02
SN Khan,Batter,0.0,0.0,0.0,0,746,538,138.66,22.61,19.7,0,2,18.0,0.0,0.0
SP Fleming,Batter,0.0,0.0,0.0,0,196,162,120.99,21.78,18.52,0,0,,0.0,0.0
SP Goswami,Batter,0.0,0.0,0.0,0,293,293,100.0,15.42,11.95,0,0,,0.0,0.0
SP Jackson,Batter,0.0,0.0,0.0,0,61,57,107.02,10.17,10.53,0,0,,0.0,0.0
SR Dubey,Batter,0.0,0.0,0.0,0,4,2,200.0,0.0,50.0,5,77,8.26,0.39,48.05
SS Agarwal,Batter,0.0,0.0,0.0,0,0,0,0.0,0.0,0.0,1,24,10.5,0.25,29.17
SS Cottrell,Batter,0.0,0.0,0.0,0,0,2,0.0,0.0,0.0,6,120,8.8,0.3,48.33
SS Mishra,Batter,0.0,0.0,0.0,0,0,0,0.0,0.0,0.0,0,24,11.5,0.0,41.67
SS Mundhe,Batter,0.0,0.0,0.0,0,0,0,0.0,0.0,0.0,1,6,6.0,1.0,66.67
SS Prabhudessai,Batter,0.0,0.0,0.0,0,126,105,120.0,14.0,14.29,0,0,,0.0,0.0
SS Sarkar,Batter,0.0,0.0,0.0,0,0,0,0.0,0.0,0.0,1,25,8.16,0.24,16.0
SS Shaikh,Batter,0.0,0.0,0.0,0,6,7,85.71,0.0,14.29,0,0,,0.0,0.0
SSB Magala,Batter,0.0,0.0,0.0,0,0,0,0.0,0.0,0.0,1,36,8.5,0.167,13.89
ST Jayasuriya,Batter,0.0,0.0,0.0,0,768,529,145.18,27.43,23.25,13,294,7.96,0.265,28.23
SU Parakh,Batter,0.0,0.0,0.0,0,46,33,139.39,11.5,21.21,0,0,,0.0,0.0
SW Billings,Batter,0.0,0.0,0.0,0,503,385,130.65,19.35,15.58,0,0,,0.0,0.0
SW Tait,Batter,0.0,0.0,0.0,0,23,26,88.46,7.67,7.69,23,473,8.12,0.292,42.28
SZ Mulani,Batter,0.0,0.0,0.0,0,1,1,100.0,0.0,0.0,0,30,11.4,0.0,23.33
Sachin Baby,Batter,0.0,0.0,0.0,0,144,115,125.22,16.0,13.91,2,10,4.8,1.2,50.0
Sakib Hussain,Batter,0.0,0.0,0.0,0,0,0,0.0,0.0,0.0,15,228,9.08,0.395,35.09
Salman Butt,Batter,0.0,0.0,0.0,0,193,160,120.62,27.57,20.0,0,0,,0.0,0.0
Sameer Rizvi,Batter,0.0,0.0,0.0,0,424,293,144.71,30.29,19.11,0,0,,0.0,0.0
Sanvir Singh,Batter,0.0,0.0,0.0,0,25,21,119.05,12.5,14.29,0,0,,0.0,0.0
Saurav Chauhan,Batter,0.0,0.0,0.0,0,18,15,120.0,6.0,13.33,0,0,,0.0,0.0
Sediqullah Atal,Batter,0.0,0.0,0.0,0,22,16,137.5,22.0,12.5,0,0,,0.0,0.0
Shahid Afridi,Batter,0.0,0.0,0.0,0,81,46,176.09,10.12,28.26,9,180,7.5,0.3,31.67
Shashank Singh,Batter,0.0,0.0,0.0,0,905,560,161.61,37.71,21.07,5,90,9.33,0.333,23.33
Shivam Sharma,Batter,0.0,0.0,0.0,0,5,3,166.67,5.0,33.33,4,114,8.68,0.211,32.46
Shivam Singh,Batter,0.0,0.0,0.0,0,2,3,66.67,0.0,0.0,0,0,,0.0,0.0
Shivang Kumar,Batter,0.0,0.0,0.0,0,26,22,118.18,5.2,18.18,8,222,9.62,0.216,26.58
Shoaib Ahmed,Batter,0.0,0.0,0.0,0,1,6,16.67,0.5,0.0,5,102,8.94,0.294,32.35
Shoaib Akhtar,Batter,0.0,0.0,0.0,0,2,7,28.57,2.0,0.0,5,42,7.71,0.714,54.76
Shoaib Malik,Batter,0.0,0.0,0.0,0,52,46,113.04,13.0,10.87,2,51,10.0,0.235,29.41
Sikandar Raza,Batter,0.0,0.0,0.0,0,182,136,133.82,26.0,14.71,3,84,10.07,0.214,25.0
Simarjeet Singh,Batter,0.0,0.0,0.0,0,10,15,66.67,3.33,0.0,11,240,10.0,0.275,42.5
Sohail Tanvir,Batter,0.0,0.0,0.0,0,36,28,128.57,12.0,14.29,22,247,6.46,0.534,48.99
Sumit Kumar,Batter,0.0,0.0,0.0,0,18,24,75.0,9.0,12.5,0,20,11.4,0.0,20.0
Sunny Gupta,Batter,0.0,0.0,0.0,0,0,1,0.0,0.0,0.0,0,18,15.67,0.0,0.0
Sunny Singh,Batter,0.0,0.0,0.0,0,43,31,138.71,10.75,22.58,0,0,,0.0,0.0
Suryansh Shedge,Batter,0.0,0.0,0.0,0,165,101,163.37,23.57,20.79,0,18,13.33,0.0,5.56
Swapnil Singh,Batter,0.0,0.0,0.0,0,51,45,113.33,10.2,13.33,7,162,8.93,0.259,24.07
T Banton,Batter,0.0,0.0,0.0,0,18,20,90.0,9.0,10.0,0,0,,0.0,0.0
T Dahiya,Batter,0.0,0.0,0.0,0,12,15,80.0,6.0,13.33,0,0,,0.0,0.0
T Henderson,Batter,0.0,0.0,0.0,0,11,15,73.33,11.0,6.67,1,36,6.67,0.167,38.89
T Kohler-Cadmore,Batter,0.0,0.0,0.0,0,48,54,88.89,16.0,14.81,0,0,,0.0,0.0
T Kohli,Batter,0.0,0.0,0.0,0,11,19,57.89,3.67,5.26,0,0,,0.0,0.0
T Shamsi,Batter,0.0,0.0,0.0,0,2,4,50.0,0.0,0.0,3,120,9.05,0.15,23.33
T Taibu,Batter,0.0,0.0,0.0,0,31,26,119.23,10.33,11.54,0,0,,0.0,0.0
T Thushara,Batter,0.0,0.0,0.0,0,12,18,66.67,6.0,0.0,8,135,7.16,0.356,42.22
T Vijay,Batter,0.0,0.0,0.0,0,0,0,0.0,0.0,0.0,0,12,14.5,0.0,16.67
TD Paine,Batter,0.0,0.0,0.0,0,10,26,38.46,5.0,0.0,0,0,,0.0,0.0
TK Curran,Batter,0.0,0.0,0.0,0,127,107,118.69,25.4,12.15,13,238,10.84,0.328,23.95
TL Seifert,Batter,0.0,0.0,0.0,0,45,41,109.76,7.5,17.07,0,0,,0.0,0.0
TL Suman,Batter,0.0,0.0,0.0,0,676,573,117.98,22.53,14.14,6,150,7.88,0.24,28.67
TM Srivastava,Batter,0.0,0.0,0.0,0,8,11,72.73,8.0,0.0,0,0,,0.0,0.0
TP Sudhindra,Batter,0.0,0.0,0.0,0,0,0,0.0,0.0,0.0,1,70,11.66,0.086,25.71
TR Birt,Batter,0.0,0.0,0.0,0,75,57,131.58,15.0,19.3,0,0,,0.0,0.0
TS Mills,Batter,0.0,0.0,0.0,0,8,14,57.14,2.0,7.14,11,209,9.85,0.316,33.01
Tanush Kotian,Batter,0.0,0.0,0.0,0,24,31,77.42,24.0,9.68,0,0,,0.0,0.0
Tejas Baroka,Batter,0.0,0.0,0.0,0,0,0,0.0,0.0,0.0,0,21,9.43,0.0,28.57
U Kaul,Batter,0.0,0.0,0.0,0,0,1,0.0,0.0,0.0,0,0,,0.0,0.0
UA Birla,Batter,0.0,0.0,0.0,0,7,14,50.0,7.0,7.14,0,0,,0.0,0.0
UBT Chand,Batter,0.0,0.0,0.0,0,300,299,100.33,15.0,13.71,0,0,,0.0,0.0
UT Khawaja,Batter,0.0,0.0,0.0,0,127,99,128.28,25.4,17.17,0,0,,0.0,0.0
Umar Gul,Batter,0.0,0.0,0.0,0,39,19,205.26,13.0,31.58,12,135,8.18,0.533,37.78
Umran Malik,Batter,0.0,0.0,0.0,0,23,15,153.33,23.0,20.0,29,493,9.4,0.353,41.58
Urvil Patel,Batter,0.0,0.0,0.0,0,197,96,205.21,19.7,32.29,0,0,,0.0,0.0
V Kaverappa,Batter,0.0,0.0,0.0,0,0,0,0.0,0.0,0.0,2,24,9.0,0.5,45.83
V Nigam,Batter,0.0,0.0,0.0,0,157,88,178.41,26.17,29.55,13,288,9.77,0.271,29.51
V Pratap Singh,Batter,0.0,0.0,0.0,0,0,1,0.0,0.0,0.0,10,204,8.71,0.294,34.8
V Puthur,Batter,0.0,0.0,0.0,0,0,0,0.0,0.0,0.0,6,72,9.08,0.5,33.33
V Suryavanshi,Batter,0.0,0.0,0.0,0,835,372,224.46,39.76,38.98,0,0,,0.0,0.0
V Viyaskanth,Batter,0.0,0.0,0.0,0,7,5,140.0,0.0,0.0,1,60,8.6,0.1,26.67
VH Zol,Batter,0.0,0.0,0.0,0,29,26,111.54,14.5,15.38,0,0,,0.0,0.0
VRV Singh,Batter,0.0,0.0,0.0,0,4,3,133.33,4.0,33.33,12,360,9.03,0.2,31.67
VS Malik,Batter,0.0,0.0,0.0,0,7,7,100.0,7.0,14.29,6,205,7.64,0.176,40.98
VS Yeligati,Batter,0.0,0.0,0.0,0,2,2,100.0,2.0,0.0,0,30,11.8,0.0,20.0
VVS Laxman,Batter,0.0,0.0,0.0,0,282,266,106.02,17.62,14.29,0,0,,0.0,0.0
VY Mahesh,Batter,0.0,0.0,0.0,0,15,27,55.56,7.5,0.0,21,339,8.83,0.372,35.4
Vijaykumar Vyshak,Batter,0.0,0.0,0.0,0,16,16,100.0,8.0,6.25,26,519,10.47,0.301,27.36
Virat Singh,Batter,0.0,0.0,0.0,0,15,26,57.69,7.5,3.85,0,0,,0.0,0.0
Vishnu Vinod,Batter,0.0,0.0,0.0,0,71,64,110.94,11.83,12.5,0,0,,0.0,0.0
Vivrant Sharma,Batter,0.0,0.0,0.0,0,69,47,146.81,69.0,23.4,0,18,12.33,0.0,27.78
W Jaffer,Batter,0.0,0.0,0.0,0,130,121,107.44,18.57,14.05,0,0,,0.0,0.0
W O'Rourke,Batter,0.0,0.0,0.0,0,0,0,0.0,0.0,0.0,6,62,12.77,0.581,24.19
WA Mota,Batter,0.0,0.0,0.0,0,56,75,74.67,11.2,2.67,4,72,8.08,0.333,33.33
WG Jacks,Batter,0.0,0.0,0.0,0,602,377,159.68,28.67,23.34,10,191,9.86,0.314,32.46
WPUJC Vaas,Batter,0.0,0.0,0.0,0,81,72,112.5,11.57,6.94,18,282,7.55,0.383,45.39
X Thalaivan Sargunam,Batter,0.0,0.0,0.0,0,10,17,58.82,10.0,0.0,0,0,,0.0,0.0
XC Bartlett,Batter,0.0,0.0,0.0,0,40,28,142.86,20.0,17.86,7,261,11.13,0.161,31.42
Y Gnaneswara Rao,Batter,0.0,0.0,0.0,0,19,17,111.76,19.0,17.65,0,6,7.0,0.0,50.0
Y Nagar,Batter,0.0,0.0,0.0,0,285,259,110.04,20.36,11.2,4,66,11.36,0.364,24.24
Y Prithvi Raj,Batter,0.0,0.0,0.0,0,0,1,0.0,0.0,0.0,1,30,11.4,0.2,26.67
YA Abdulla,Batter,0.0,0.0,0.0,0,0,1,0.0,0.0,0.0,15,209,8.81,0.431,42.11
YV Dhull,Batter,0.0,0.0,0.0,0,16,23,69.57,5.33,4.35,0,0,,0.0,0.0
YV Takawale,Batter,0.0,0.0,0.0,0,192,177,108.47,24.0,16.38,0,0,,0.0,0.0
Yash Raj Punja,Batter,0.0,0.0,0.0,0,0,0,0.0,0.0,0.0,8,144,8.79,0.333,27.08
Yash Thakur,Batter,0.0,0.0,0.0,0,0,0,0.0,0.0,0.0,27,467,10.6,0.347,31.26
Yashpal Singh,Batter,0.0,0.0,0.0,0,47,65,72.31,11.75,7.69,0,0,,0.0,0.0
Younis Khan,Batter,0.0,0.0,0.0,0,3,7,42.86,3.0,0.0,0,0,,0.0,0.0
Yudhvir Singh,Batter,0.0,0.0,0.0,0,22,16,137.5,5.5,18.75,8,138,11.0,0.348,39.13
Zeeshan Ansari,Batter,0.0,0.0,0.0,0,0,0,0.0,0.0,0.0,6,203,9.84,0.177,23.15
